date,equity,cash,position,shares,close,market_ok,buy_signal,sell_signal
2023-01-30,300000.0,300000.0,0,0.0,543.0,True,0,0
2023-01-31,300000.0,300000.0,0,0.0,522.0,True,0,0
2023-02-01,300000.0,300000.0,0,0.0,530.0,True,0,0
2023-02-02,300000.0,300000.0,0,0.0,540.0,True,0,0
2023-02-03,300000.0,300000.0,0,0.0,542.0,True,0,0
2023-02-06,300000.0,300000.0,0,0.0,526.0,True,0,0
2023-02-07,300000.0,300000.0,0,0.0,523.0,True,0,0
2023-02-08,300000.0,300000.0,0,0.0,540.0,True,0,0
2023-02-09,300000.0,300000.0,0,0.0,540.0,True,0,0
2023-02-10,300000.0,300000.0,0,0.0,545.0,True,0,0
2023-02-13,300000.0,300000.0,0,0.0,541.0,True,0,0
2023-02-14,300000.0,300000.0,0,0.0,545.0,True,0,0
2023-02-15,300000.0,300000.0,0,0.0,525.0,True,0,0
2023-02-16,300000.0,300000.0,0,0.0,528.0,True,0,0
2023-02-17,300000.0,300000.0,0,0.0,518.0,True,0,0
2023-02-20,300000.0,300000.0,0,0.0,517.0,True,0,0
2023-02-21,300000.0,300000.0,0,0.0,516.0,True,0,0
2023-02-22,300000.0,300000.0,0,0.0,507.0,True,0,0
2023-02-23,300000.0,300000.0,0,0.0,518.0,True,0,0
2023-02-24,300000.0,300000.0,0,0.0,511.0,True,0,0
2023-03-01,300000.0,300000.0,0,0.0,522.0,True,0,0
2023-03-02,300000.0,300000.0,0,0.0,519.0,True,0,0
2023-03-03,300000.0,300000.0,0,0.0,516.0,True,0,0
2023-03-06,300000.0,300000.0,0,0.0,521.0,True,0,0
2023-03-07,300000.0,300000.0,0,0.0,524.0,True,0,0
2023-03-08,300000.0,300000.0,0,0.0,521.0,True,0,0
2023-03-09,300000.0,300000.0,0,0.0,522.0,True,0,0
2023-03-10,300000.0,300000.0,0,0.0,513.0,True,0,0
2023-03-13,300000.0,300000.0,0,0.0,516.0,True,0,0
2023-03-14,300000.0,300000.0,0,0.0,510.0,True,0,0
2023-03-15,300000.0,300000.0,0,0.0,511.0,True,0,0
2023-03-16,300000.0,300000.0,0,0.0,505.0,True,0,0
2023-03-17,300000.0,300000.0,0,0.0,518.0,True,0,0
2023-03-20,300000.0,300000.0,0,0.0,512.0,True,0,0
2023-03-21,300000.0,300000.0,0,0.0,517.0,True,0,0
2023-03-22,300000.0,300000.0,0,0.0,533.0,True,0,0
2023-03-23,300000.0,300000.0,0,0.0,538.0,True,0,0
2023-03-24,300000.0,300000.0,0,0.0,539.0,True,0,0
2023-03-27,300000.0,300000.0,0,0.0,531.0,True,0,0
2023-03-28,300000.0,300000.0,0,0.0,525.0,True,0,0
2023-03-29,300000.0,300000.0,0,0.0,530.0,True,0,0
2023-03-30,300000.0,300000.0,0,0.0,535.0,True,0,0
2023-03-31,300000.0,300000.0,0,0.0,533.0,True,0,0
2023-04-06,300000.0,300000.0,0,0.0,530.0,True,0,0
2023-04-07,300000.0,300000.0,0,0.0,531.0,True,0,0
2023-04-10,300000.0,300000.0,0,0.0,529.0,True,0,0
2023-04-11,300000.0,300000.0,0,0.0,524.0,True,0,0
2023-04-12,300000.0,300000.0,0,0.0,520.0,True,0,0
2023-04-13,300000.0,300000.0,0,0.0,510.0,True,0,0
2023-04-14,300000.0,300000.0,0,0.0,516.0,True,0,0
2023-04-17,300000.0,300000.0,0,0.0,520.0,True,0,0
2023-04-18,300000.0,300000.0,0,0.0,515.0,True,0,0
2023-04-19,300000.0,300000.0,0,0.0,510.0,True,0,0
2023-04-20,300000.0,300000.0,0,0.0,513.0,True,0,0
2023-04-21,300000.0,300000.0,0,0.0,511.0,True,0,0
2023-04-24,300000.0,300000.0,0,0.0,507.0,True,0,0
2023-04-25,300000.0,300000.0,0,0.0,498.0,True,0,0
2023-04-26,300000.0,300000.0,0,0.0,491.5,True,0,0
2023-04-27,300000.0,300000.0,0,0.0,493.5,True,0,0
2023-04-28,300000.0,300000.0,0,0.0,502.0,True,0,0
2023-05-02,300000.0,300000.0,0,0.0,501.0,True,0,0
2023-05-03,300000.0,300000.0,0,0.0,496.0,True,0,0
2023-05-04,300000.0,300000.0,0,0.0,498.0,True,0,0
2023-05-05,300000.0,300000.0,0,0.0,500.0,True,0,0
2023-05-08,300000.0,300000.0,0,0.0,504.0,True,0,0
2023-05-09,300000.0,300000.0,0,0.0,510.0,True,0,0
2023-05-10,300000.0,300000.0,0,0.0,503.0,True,0,0
2023-05-11,300000.0,300000.0,0,0.0,499.0,True,0,0
2023-05-12,300000.0,300000.0,0,0.0,496.0,True,0,0
2023-05-15,300000.0,300000.0,0,0.0,495.5,True,0,0
2023-05-16,300000.0,300000.0,0,0.0,505.0,True,0,0
2023-05-17,300000.0,300000.0,0,0.0,519.0,True,0,0
2023-05-18,300000.0,300000.0,0,0.0,530.0,True,0,0
2023-05-19,300000.0,300000.0,0,0.0,532.0,True,0,0
2023-05-22,300000.0,300000.0,0,0.0,531.0,True,0,0
2023-05-23,300000.0,300000.0,0,0.0,530.0,True,0,0
2023-05-24,300000.0,300000.0,0,0.0,525.0,True,0,1
2023-05-25,300000.0,300000.0,0,0.0,543.0,True,0,0
2023-05-26,300000.0,300000.0,0,0.0,566.0,True,0,0
2023-05-29,300000.0,300000.0,0,0.0,568.0,True,0,0
2023-05-30,300000.0,300000.0,0,0.0,566.0,True,0,0
2023-05-31,300000.0,300000.0,0,0.0,558.0,True,0,0
2023-06-01,300000.0,300000.0,0,0.0,551.0,True,0,0
2023-06-02,300000.0,300000.0,0,0.0,562.0,True,0,0
2023-06-05,300000.0,300000.0,0,0.0,555.0,True,0,0
2023-06-06,300000.0,300000.0,0,0.0,560.0,True,0,0
2023-06-07,300000.0,300000.0,0,0.0,568.0,True,0,0
2023-06-08,300000.0,300000.0,0,0.0,559.0,True,0,0
2023-06-09,300000.0,300000.0,0,0.0,565.0,True,0,0
2023-06-12,300000.0,300000.0,0,0.0,574.0,True,0,0
2023-06-13,300000.0,300000.0,0,0.0,593.0,True,0,0
2023-06-14,300000.0,300000.0,0,0.0,590.0,True,0,0
2023-06-15,300000.0,300000.0,0,0.0,591.0,True,0,0
2023-06-16,300000.0,300000.0,0,0.0,589.0,True,0,0
2023-06-19,300000.0,300000.0,0,0.0,583.0,True,0,0
2023-06-20,300000.0,300000.0,0,0.0,583.0,True,0,0
2023-06-21,300000.0,300000.0,0,0.0,581.0,True,0,0
2023-06-26,300000.0,300000.0,0,0.0,574.0,True,0,1
2023-06-27,300000.0,300000.0,0,0.0,572.0,True,0,0
2023-06-28,300000.0,300000.0,0,0.0,574.0,True,0,0
2023-06-29,300000.0,300000.0,0,0.0,573.0,True,0,0
2023-06-30,300000.0,300000.0,0,0.0,576.0,True,0,0
2023-07-03,300000.0,300000.0,0,0.0,579.0,True,0,0
2023-07-04,300000.0,300000.0,0,0.0,585.0,True,0,0
2023-07-05,300000.0,300000.0,0,0.0,582.0,True,0,0
2023-07-06,300000.0,300000.0,0,0.0,565.0,True,0,1
2023-07-07,300000.0,300000.0,0,0.0,565.0,True,0,0
2023-07-10,300000.0,300000.0,0,0.0,565.0,True,0,0
2023-07-11,300000.0,300000.0,0,0.0,577.0,True,0,0
2023-07-12,300000.0,300000.0,0,0.0,578.0,True,0,0
2023-07-13,300000.0,300000.0,0,0.0,585.0,True,0,0
2023-07-14,300000.0,300000.0,0,0.0,591.0,True,0,0
2023-07-17,300000.0,300000.0,0,0.0,591.0,True,0,0
2023-07-18,300000.0,300000.0,0,0.0,581.0,True,0,1
2023-07-19,300000.0,300000.0,0,0.0,581.0,True,0,0
2023-07-20,300000.0,300000.0,0,0.0,579.0,True,0,0
2023-07-21,300000.0,300000.0,0,0.0,560.0,True,0,0
2023-07-24,300000.0,300000.0,0,0.0,558.0,True,0,0
2023-07-25,300000.0,300000.0,0,0.0,569.0,True,0,0
2023-07-26,300000.0,300000.0,0,0.0,566.0,True,0,0
2023-07-27,300000.0,300000.0,0,0.0,569.0,True,0,0
2023-07-28,300000.0,300000.0,0,0.0,567.0,True,0,0
2023-07-31,300000.0,300000.0,0,0.0,565.0,True,0,0
2023-08-01,300000.0,300000.0,0,0.0,567.0,True,0,0
2023-08-02,300000.0,300000.0,0,0.0,561.0,True,0,0
2023-08-04,300000.0,300000.0,0,0.0,554.0,True,0,0
2023-08-07,300000.0,300000.0,0,0.0,558.0,True,0,0
2023-08-08,300000.0,300000.0,0,0.0,552.0,True,0,0
2023-08-09,300000.0,300000.0,0,0.0,554.0,True,0,0
2023-08-10,300000.0,300000.0,0,0.0,551.0,True,0,0
2023-08-11,300000.0,300000.0,0,0.0,546.0,True,0,0
2023-08-14,300000.0,300000.0,0,0.0,541.0,True,0,0
2023-08-15,300000.0,300000.0,0,0.0,542.0,True,0,0
2023-08-16,300000.0,300000.0,0,0.0,542.0,True,0,0
2023-08-17,300000.0,300000.0,0,0.0,544.0,True,0,0
2023-08-18,300000.0,300000.0,0,0.0,539.0,True,0,0
2023-08-21,300000.0,300000.0,0,0.0,537.0,True,0,0
2023-08-22,300000.0,300000.0,0,0.0,541.0,True,0,0
2023-08-23,300000.0,300000.0,0,0.0,552.0,True,0,0
2023-08-24,300000.0,300000.0,0,0.0,564.0,True,0,0
2023-08-25,300000.0,300000.0,0,0.0,546.0,True,0,0
2023-08-28,300000.0,300000.0,0,0.0,549.0,True,0,0
2023-08-29,300000.0,300000.0,0,0.0,552.0,True,0,0
2023-08-30,300000.0,300000.0,0,0.0,555.0,True,0,0
2023-08-31,300000.0,300000.0,0,0.0,549.0,True,0,0
2023-09-01,300000.0,300000.0,0,0.0,548.0,True,0,0
2023-09-04,300000.0,300000.0,0,0.0,557.0,True,0,0
2023-09-05,300000.0,300000.0,0,0.0,552.0,True,0,0
2023-09-06,300000.0,300000.0,0,0.0,550.0,True,0,0
2023-09-07,300000.0,300000.0,0,0.0,542.0,True,0,0
2023-09-08,300000.0,300000.0,0,0.0,539.0,True,0,0
2023-09-11,300000.0,300000.0,0,0.0,536.0,True,0,0
2023-09-12,300000.0,300000.0,0,0.0,544.0,True,0,0
2023-09-13,300000.0,300000.0,0,0.0,541.0,True,0,0
2023-09-14,300000.0,300000.0,0,0.0,550.0,True,0,0
2023-09-15,300000.0,300000.0,0,0.0,558.0,True,0,0
2023-09-18,300000.0,300000.0,0,0.0,540.0,True,0,0
2023-09-19,300000.0,300000.0,0,0.0,538.0,True,0,0
2023-09-20,300000.0,300000.0,0,0.0,535.0,True,0,0
2023-09-21,300000.0,300000.0,0,0.0,527.0,True,0,0
2023-09-22,300000.0,300000.0,0,0.0,522.0,True,0,0
2023-09-25,300000.0,300000.0,0,0.0,525.0,True,0,0
2023-09-26,300000.0,300000.0,0,0.0,519.0,True,0,0
2023-09-27,300000.0,300000.0,0,0.0,522.0,True,0,0
2023-09-28,300000.0,300000.0,0,0.0,523.0,True,0,0
2023-10-02,300000.0,300000.0,0,0.0,533.0,True,0,0
2023-10-03,300000.0,300000.0,0,0.0,529.0,True,0,0
2023-10-04,300000.0,300000.0,0,0.0,520.0,True,0,0
2023-10-05,300000.0,300000.0,0,0.0,528.0,True,0,0
2023-10-06,300000.0,300000.0,0,0.0,532.0,True,0,0
2023-10-11,300000.0,300000.0,0,0.0,544.0,True,0,0
2023-10-12,300000.0,300000.0,0,0.0,550.0,True,0,0
2023-10-13,300000.0,300000.0,0,0.0,553.0,True,0,0
2023-10-16,300000.0,300000.0,0,0.0,545.0,True,0,0
2023-10-17,300000.0,300000.0,0,0.0,551.0,True,0,0
2023-10-18,300000.0,300000.0,0,0.0,540.0,True,0,0
2023-10-19,300000.0,300000.0,0,0.0,546.0,True,0,0
2023-10-20,300000.0,300000.0,0,0.0,556.0,True,0,0
2023-10-23,300000.0,300000.0,0,0.0,544.0,True,0,0
2023-10-24,300000.0,300000.0,0,0.0,544.0,True,0,0
2023-10-25,300000.0,300000.0,0,0.0,544.0,True,0,0
2023-10-26,300000.0,300000.0,0,0.0,531.0,False,0,0
2023-10-27,300000.0,300000.0,0,0.0,533.0,False,0,0
2023-10-30,300000.0,300000.0,0,0.0,532.0,False,0,0
2023-10-31,300000.0,300000.0,0,0.0,529.0,False,0,0
2023-11-01,300000.0,300000.0,0,0.0,528.0,False,0,0
2023-11-02,300000.0,300000.0,0,0.0,547.0,True,0,0
2023-11-03,300000.0,300000.0,0,0.0,549.0,True,0,0
2023-11-06,300000.0,300000.0,0,0.0,550.0,True,0,0
2023-11-07,300000.0,300000.0,0,0.0,555.0,True,0,0
2023-11-08,300000.0,300000.0,0,0.0,556.0,True,0,0
2023-11-09,300000.0,300000.0,0,0.0,557.0,True,0,0
2023-11-10,300000.0,300000.0,0,0.0,557.0,True,0,0
2023-11-13,300000.0,300000.0,0,0.0,571.0,True,0,0
2023-11-14,300000.0,300000.0,0,0.0,572.0,True,0,0
2023-11-15,300000.0,300000.0,0,0.0,581.0,True,0,0
2023-11-16,300000.0,300000.0,0,0.0,583.0,True,0,0
2023-11-17,300000.0,300000.0,0,0.0,580.0,True,0,0
2023-11-20,300000.0,300000.0,0,0.0,577.0,True,0,0
2023-11-21,300000.0,300000.0,0,0.0,585.0,True,0,0
2023-11-22,300000.0,300000.0,0,0.0,577.0,True,0,0
2023-11-23,300000.0,300000.0,0,0.0,578.0,True,0,0
2023-11-24,300000.0,300000.0,0,0.0,575.0,True,0,0
2023-11-27,300000.0,300000.0,0,0.0,568.0,True,0,1
2023-11-28,300000.0,300000.0,0,0.0,575.0,True,0,0
2023-11-29,300000.0,300000.0,0,0.0,574.0,True,0,0
2023-11-30,300000.0,300000.0,0,0.0,577.0,True,0,0
2023-12-01,300000.0,300000.0,0,0.0,579.0,True,0,0
2023-12-04,300000.0,300000.0,0,0.0,574.0,True,0,1
2023-12-05,300000.0,300000.0,0,0.0,570.0,True,0,0
2023-12-06,300000.0,300000.0,0,0.0,570.0,True,0,0
2023-12-07,300000.0,300000.0,0,0.0,566.0,True,0,0
2023-12-08,300000.0,0.0,1,526.3157894736842,570.0,True,1,0
2023-12-11,302105.2631578947,0.0,1,526.3157894736842,574.0,True,0,0
2023-12-12,304210.52631578944,0.0,1,526.3157894736842,578.0,True,0,0
2023-12-13,303684.2105263158,0.0,1,526.3157894736842,577.0,True,0,0
2023-12-14,306315.78947368416,0.0,1,526.3157894736842,582.0,True,0,0
2023-12-15,307894.7368421052,0.0,1,526.3157894736842,585.0,True,0,0
2023-12-18,307894.7368421052,0.0,1,526.3157894736842,585.0,True,0,0
2023-12-19,307894.7368421052,0.0,1,526.3157894736842,585.0,True,0,0
2023-12-20,307894.7368421052,0.0,1,526.3157894736842,585.0,True,0,0
2023-12-21,303684.2105263158,303684.2105263158,0,0.0,577.0,True,0,1
2023-12-22,303684.2105263158,303684.2105263158,0,0.0,582.0,True,0,0
2023-12-25,303684.2105263158,303684.2105263158,0,0.0,581.0,True,0,0
2023-12-26,303684.2105263158,303684.2105263158,0,0.0,586.0,True,0,0
2023-12-27,303684.2105263158,303684.2105263158,0,0.0,592.0,True,0,0
2023-12-28,303684.2105263158,303684.2105263158,0,0.0,593.0,True,0,0
2023-12-29,303684.2105263158,303684.2105263158,0,0.0,593.0,True,0,0
2024-01-02,303684.2105263158,303684.2105263158,0,0.0,593.0,True,0,0
2024-01-03,303684.2105263158,303684.2105263158,0,0.0,578.0,True,0,1
2024-01-04,303684.2105263158,303684.2105263158,0,0.0,580.0,True,0,0
2024-01-05,303684.2105263158,303684.2105263158,0,0.0,576.0,True,0,0
2024-01-08,303684.2105263158,0.0,1,520.8991604224971,583.0,True,1,0
2024-01-09,305246.9080075833,0.0,1,520.8991604224971,586.0,True,0,0
2024-01-10,304205.1096867383,0.0,1,520.8991604224971,584.0,True,0,0
2024-01-11,305246.9080075833,0.0,1,520.8991604224971,586.0,True,0,0
2024-01-12,304205.1096867383,0.0,1,520.8991604224971,584.0,True,0,0
2024-01-15,305246.9080075833,0.0,1,520.8991604224971,586.0,True,0,0
2024-01-16,302121.5130450483,0.0,1,520.8991604224971,580.0,True,0,0
2024-01-17,302642.4122054708,0.0,1,520.8991604224971,581.0,True,0,0
2024-01-18,306288.7063284283,0.0,1,520.8991604224971,588.0,True,1,0
2024-01-19,326082.87442448316,0.0,1,520.8991604224971,626.0,True,0,0
2024-01-22,326082.87442448316,0.0,1,520.8991604224971,626.0,True,0,0
2024-01-23,327124.67274532816,0.0,1,520.8991604224971,628.0,True,0,0
2024-01-24,326603.77358490566,0.0,1,520.8991604224971,627.0,True,0,0
2024-01-25,334417.2609912431,0.0,1,520.8991604224971,642.0,True,0,0
2024-01-26,335459.0593120881,0.0,1,520.8991604224971,644.0,True,0,0
2024-01-29,337542.65595377807,0.0,1,520.8991604224971,648.0,True,0,0
2024-01-30,334417.2609912431,0.0,1,520.8991604224971,642.0,True,0,0
2024-01-31,327124.67274532816,0.0,1,520.8991604224971,628.0,True,0,0
2024-02-01,327124.67274532816,0.0,1,520.8991604224971,628.0,True,0,0
2024-02-02,330770.9668682856,0.0,1,520.8991604224971,635.0,True,0,0
2024-02-05,336500.8576329331,0.0,1,520.8991604224971,646.0,True,0,0
2024-02-15,363066.71481448045,0.0,1,520.8991604224971,697.0,True,0,0
2024-02-16,355774.1265685655,0.0,1,520.8991604224971,683.0,True,0,0
2024-02-19,353169.630766453,0.0,1,520.8991604224971,678.0,True,0,0
2024-02-20,357857.7232102555,0.0,1,520.8991604224971,687.0,True,0,0
2024-02-21,354732.3282477205,0.0,1,520.8991604224971,681.0,True,0,0
2024-02-22,360462.21901236795,0.0,1,520.8991604224971,692.0,True,0,0
2024-02-23,363066.71481448045,0.0,1,520.8991604224971,697.0,True,0,0
2024-02-26,363587.61397490295,0.0,1,520.8991604224971,698.0,True,0,0
2024-02-27,363587.61397490295,0.0,1,520.8991604224971,698.0,True,0,0
2024-02-29,359420.42069152294,0.0,1,520.8991604224971,690.0,True,0,0
2024-03-01,358899.5215311005,0.0,1,520.8991604224971,689.0,True,0,0
2024-03-04,377651.89130631037,0.0,1,520.8991604224971,725.0,True,0,0
2024-03-05,380256.3871084229,0.0,1,520.8991604224971,730.0,True,0,0
2024-03-06,382860.8829105353,0.0,1,520.8991604224971,735.0,True,0,0
2024-03-07,395883.3619210978,0.0,1,520.8991604224971,760.0,True,0,0
2024-03-08,408384.9417712377,0.0,1,520.8991604224971,784.0,True,0,0
2024-03-11,399008.75688363274,0.0,1,520.8991604224971,766.0,True,0,0
2024-03-12,401092.35352532275,0.0,1,520.8991604224971,770.0,True,0,0
2024-03-13,405780.4459691252,0.0,1,520.8991604224971,779.0,True,0,0
2024-03-14,408384.9417712377,0.0,1,520.8991604224971,784.0,True,0,0
2024-03-15,392237.0677981403,0.0,1,520.8991604224971,753.0,True,0,0
2024-03-18,397966.95856278774,0.0,1,520.8991604224971,764.0,True,0,0
2024-03-19,396925.16024194274,0.0,1,520.8991604224971,762.0,True,0,0
2024-03-20,394841.5636002528,0.0,1,520.8991604224971,758.0,True,0,0
2024-03-21,408384.9417712377,0.0,1,520.8991604224971,784.0,True,0,0
2024-03-22,408905.8409316602,0.0,1,520.8991604224971,785.0,True,0,0
2024-03-25,406301.3451295477,0.0,1,520.8991604224971,780.0,True,0,0
2024-03-26,407343.1434503927,0.0,1,520.8991604224971,782.0,True,0,0
2024-03-27,405780.4459691252,0.0,1,520.8991604224971,779.0,True,0,0
2024-03-28,400571.45436490024,0.0,1,520.8991604224971,769.0,True,0,0
2024-03-29,404217.7484878577,0.0,1,520.8991604224971,776.0,True,0,0
2024-04-01,401092.35352532275,0.0,1,520.8991604224971,770.0,True,0,0
2024-04-02,411510.33673377265,0.0,1,520.8991604224971,790.0,True,0,0
2024-04-03,406301.3451295477,0.0,1,520.8991604224971,780.0,True,0,0
2024-04-08,407864.0426108152,0.0,1,520.8991604224971,783.0,True,0,0
2024-04-09,426616.41238602507,0.0,1,520.8991604224971,819.0,True,0,0
2024-04-10,424532.8157443351,0.0,1,520.8991604224971,815.0,True,0,0
2024-04-11,427137.31154644757,0.0,1,520.8991604224971,820.0,True,0,0
2024-04-12,426095.51322560257,0.0,1,520.8991604224971,818.0,True,0,0
2024-04-15,419844.7233005326,0.0,1,520.8991604224971,806.0,True,0,0
2024-04-16,410468.5384129277,410468.5384129277,0,0.0,788.0,True,0,1
2024-04-17,410468.5384129277,410468.5384129277,0,0.0,804.0,True,0,0
2024-04-18,410468.5384129277,410468.5384129277,0,0.0,804.0,True,0,0
2024-04-19,410468.5384129277,410468.5384129277,0,0.0,750.0,True,0,0
2024-04-22,410468.5384129277,410468.5384129277,0,0.0,742.0,True,0,0
2024-04-23,410468.5384129277,410468.5384129277,0,0.0,754.0,True,0,0
2024-04-24,410468.5384129277,5.820766091346741e-11,1,524.2254641288987,783.0,True,1,0
2024-04-25,401556.7055227365,5.820766091346741e-11,1,524.2254641288987,766.0,True,0,0
2024-04-26,409944.3129487988,5.820766091346741e-11,1,524.2254641288987,782.0,True,1,0
2024-04-29,416759.2439824745,5.820766091346741e-11,1,524.2254641288987,795.0,True,0,0
2024-04-30,414138.11666183005,5.820766091346741e-11,1,524.2254641288987,790.0,True,0,0
2024-05-02,404702.05830750987,5.820766091346741e-11,1,524.2254641288987,772.0,True,0,0
2024-05-03,408895.86202054104,5.820766091346741e-11,1,524.2254641288987,780.0,True,1,0
2024-05-06,412041.21480531443,5.820766091346741e-11,1,524.2254641288987,786.0,True,0,0
2024-05-07,419380.371303119,5.820766091346741e-11,1,524.2254641288987,800.0,True,0,0
2024-05-08,420428.82223137683,5.820766091346741e-11,1,524.2254641288987,802.0,True,0,0
2024-05-09,417283.46944660344,5.820766091346741e-11,1,524.2254641288987,796.0,True,0,0
2024-05-10,420428.82223137683,5.820766091346741e-11,1,524.2254641288987,802.0,True,0,0
2024-05-13,429340.65512156807,5.820766091346741e-11,1,524.2254641288987,819.0,True,0,0
2024-05-14,432486.00790634146,5.820766091346741e-11,1,524.2254641288987,825.0,True,0,0
2024-05-15,439825.1644041461,5.820766091346741e-11,1,524.2254641288987,839.0,True,0,0
2024-05-16,440873.61533240386,5.820766091346741e-11,1,524.2254641288987,841.0,True,0,0
2024-05-17,437728.26254763047,5.820766091346741e-11,1,524.2254641288987,835.0,True,0,0
2024-05-20,437728.26254763047,5.820766091346741e-11,1,524.2254641288987,835.0,True,0,0
2024-05-21,440873.61533240386,5.820766091346741e-11,1,524.2254641288987,841.0,True,0,0
2024-05-22,452930.80100736854,5.820766091346741e-11,1,524.2254641288987,864.0,True,0,0
2024-05-23,458697.28111278644,5.820766091346741e-11,1,524.2254641288987,875.0,True,0,0
2024-05-24,454503.4773997552,5.820766091346741e-11,1,524.2254641288987,867.0,True,0,0
2024-05-27,455551.92832801305,5.820766091346741e-11,1,524.2254641288987,869.0,True,0,0
2024-05-28,453455.02647149743,5.820766091346741e-11,1,524.2254641288987,865.0,True,0,0
2024-05-29,449261.22275846626,5.820766091346741e-11,1,524.2254641288987,857.0,True,0,0
2024-05-30,439300.93894001713,439300.93894001713,0,0.0,838.0,True,0,1
2024-05-31,439300.93894001713,439300.93894001713,0,0.0,821.0,True,0,0
2024-06-03,439300.93894001713,-5.820766091346741e-11,1,519.2682493380818,846.0,True,1,0
2024-06-04,435666.06119465054,-5.820766091346741e-11,1,519.2682493380818,839.0,True,0,0
2024-06-05,443455.08493472176,-5.820766091346741e-11,1,519.2682493380818,854.0,True,0,0
2024-06-06,464225.81490824505,-5.820766091346741e-11,1,519.2682493380818,894.0,True,0,0
2024-06-07,456436.79116817383,-5.820766091346741e-11,1,519.2682493380818,879.0,True,0,0
2024-06-11,458513.8641655262,-5.820766091346741e-11,1,519.2682493380818,883.0,True,0,0
2024-06-12,472014.8386483163,-5.820766091346741e-11,1,519.2682493380818,909.0,True,0,0
2024-06-13,477207.52114169707,-5.820766091346741e-11,1,519.2682493380818,919.0,True,0,0
2024-06-14,478765.3258897113,-5.820766091346741e-11,1,519.2682493380818,922.0,True,0,0
2024-06-17,478246.05764037324,-5.820766091346741e-11,1,519.2682493380818,921.0,True,0,0
2024-06-18,489669.95912581106,-5.820766091346741e-11,1,519.2682493380818,943.0,True,0,0
2024-06-19,509402.1526006582,-5.820766091346741e-11,1,519.2682493380818,981.0,True,0,0
2024-06-20,509402.1526006582,-5.820766091346741e-11,1,519.2682493380818,981.0,True,0,0
2024-06-21,503690.20185793925,-5.820766091346741e-11,1,519.2682493380818,970.0,True,0,0
2024-06-24,488112.1543777968,-5.820766091346741e-11,1,519.2682493380818,940.0,True,0,0
2024-06-25,490708.49562448723,-5.820766091346741e-11,1,519.2682493380818,945.0,True,0,0
2024-06-26,498497.51936455845,-5.820766091346741e-11,1,519.2682493380818,960.0,True,0,0
2024-06-27,498497.51936455845,-5.820766091346741e-11,1,519.2682493380818,960.0,True,0,0
2024-06-28,501613.12886058696,-5.820766091346741e-11,1,519.2682493380818,966.0,True,0,0
2024-07-01,502651.6653592631,-5.820766091346741e-11,1,519.2682493380818,968.0,True,0,0
2024-07-02,498497.51936455845,-5.820766091346741e-11,1,519.2682493380818,960.0,True,0,0
2024-07-03,508363.616101982,-5.820766091346741e-11,1,519.2682493380818,979.0,True,0,0
2024-07-04,521864.5905847721,-5.820766091346741e-11,1,519.2682493380818,1005.0,True,0,0
2024-07-05,521864.5905847721,-5.820766091346741e-11,1,519.2682493380818,1005.0,True,0,0
2024-07-08,537442.6380649146,-5.820766091346741e-11,1,519.2682493380818,1035.0,True,0,0
2024-07-09,540038.979311605,-5.820766091346741e-11,1,519.2682493380818,1040.0,True,0,0
2024-07-10,542635.3205582954,-5.820766091346741e-11,1,519.2682493380818,1045.0,True,0,0
2024-07-11,560809.7092851282,-5.820766091346741e-11,1,519.2682493380818,1080.0,True,0,0
2024-07-12,540038.979311605,-5.820766091346741e-11,1,519.2682493380818,1040.0,True,0,0
2024-07-15,540038.979311605,-5.820766091346741e-11,1,519.2682493380818,1040.0,True,0,0
2024-07-16,547828.0030516763,-5.820766091346741e-11,1,519.2682493380818,1055.0,True,0,0
2024-07-17,534846.2968182242,-5.820766091346741e-11,1,519.2682493380818,1030.0,True,0,0
2024-07-18,521864.5905847721,521864.5905847721,0,0.0,1005.0,True,0,1
2024-07-19,521864.5905847721,521864.5905847721,0,0.0,970.0,True,0,0
2024-07-22,521864.5905847721,521864.5905847721,0,0.0,939.0,True,0,0
2024-07-23,521864.5905847721,521864.5905847721,0,0.0,979.0,True,0,0
2024-07-26,521864.5905847721,521864.5905847721,0,0.0,924.0,True,0,0
2024-07-29,521864.5905847721,521864.5905847721,0,0.0,944.0,True,0,0
2024-07-30,521864.5905847721,521864.5905847721,0,0.0,940.0,True,0,0
2024-07-31,521864.5905847721,521864.5905847721,0,0.0,934.0,True,0,0
2024-08-01,521864.5905847721,521864.5905847721,0,0.0,960.0,True,0,0
2024-08-02,521864.5905847721,521864.5905847721,0,0.0,903.0,True,0,0
2024-08-05,521864.5905847721,521864.5905847721,0,0.0,815.0,True,0,0
2024-08-06,521864.5905847721,521864.5905847721,0,0.0,880.0,True,0,0
2024-08-07,521864.5905847721,521864.5905847721,0,0.0,920.0,True,0,0
2024-08-08,521864.5905847721,521864.5905847721,0,0.0,896.0,True,0,0
2024-08-09,521864.5905847721,521864.5905847721,0,0.0,934.0,True,0,0
2024-08-12,521864.5905847721,521864.5905847721,0,0.0,940.0,True,0,0
2024-08-13,521864.5905847721,521864.5905847721,0,0.0,941.0,True,0,0
2024-08-14,521864.5905847721,521864.5905847721,0,0.0,948.0,True,0,0
2024-08-15,521864.5905847721,521864.5905847721,0,0.0,943.0,True,0,0
2024-08-16,521864.5905847721,521864.5905847721,0,0.0,969.0,True,0,0
2024-08-19,521864.5905847721,521864.5905847721,0,0.0,973.0,True,0,0
2024-08-20,521864.5905847721,521864.5905847721,0,0.0,973.0,True,0,0
2024-08-21,521864.5905847721,521864.5905847721,0,0.0,958.0,True,0,0
2024-08-22,521864.5905847721,521864.5905847721,0,0.0,951.0,True,0,0
2024-08-23,521864.5905847721,521864.5905847721,0,0.0,949.0,True,0,0
2024-08-26,521864.5905847721,521864.5905847721,0,0.0,950.0,True,0,0
2024-08-27,521864.5905847721,521864.5905847721,0,0.0,942.0,True,0,0
2024-08-28,521864.5905847721,521864.5905847721,0,0.0,964.0,True,0,0
2024-08-29,521864.5905847721,521864.5905847721,0,0.0,943.0,True,0,0
2024-08-30,521864.5905847721,521864.5905847721,0,0.0,944.0,True,0,0
2024-09-02,521864.5905847721,521864.5905847721,0,0.0,948.0,True,0,0
2024-09-03,521864.5905847721,521864.5905847721,0,0.0,940.0,True,0,0
2024-09-04,521864.5905847721,521864.5905847721,0,0.0,889.0,True,0,0
2024-09-05,521864.5905847721,521864.5905847721,0,0.0,902.0,True,0,0
2024-09-06,521864.5905847721,521864.5905847721,0,0.0,918.0,True,0,0
2024-09-09,521864.5905847721,521864.5905847721,0,0.0,899.0,True,0,0
2024-09-10,521864.5905847721,521864.5905847721,0,0.0,904.0,True,0,0
2024-09-11,521864.5905847721,521864.5905847721,0,0.0,901.0,True,0,0
2024-09-12,521864.5905847721,521864.5905847721,0,0.0,940.0,True,0,0
2024-09-13,521864.5905847721,521864.5905847721,0,0.0,947.0,True,0,0
2024-09-16,521864.5905847721,521864.5905847721,0,0.0,947.0,True,0,0
2024-09-18,521864.5905847721,521864.5905847721,0,0.0,941.0,True,0,0
2024-09-19,521864.5905847721,521864.5905847721,0,0.0,960.0,True,0,0
2024-09-20,521864.5905847721,521864.5905847721,0,0.0,973.0,True,0,0
2024-09-23,521864.5905847721,521864.5905847721,0,0.0,977.0,True,0,0
2024-09-24,521864.5905847721,521864.5905847721,0,0.0,987.0,True,0,0
2024-09-25,521864.5905847721,521864.5905847721,0,0.0,1005.0,True,0,0
2024-09-26,521864.5905847721,521864.5905847721,0,0.0,1015.0,True,0,0
2024-09-27,521864.5905847721,521864.5905847721,0,0.0,1000.0,True,0,0
2024-09-30,521864.5905847721,521864.5905847721,0,0.0,957.0,True,0,1
2024-10-01,521864.5905847721,0.0,1,536.8977269390659,972.0,True,1,0
2024-10-04,524549.0792194675,0.0,1,536.8977269390659,977.0,True,0,0
2024-10-07,539582.2155737613,0.0,1,536.8977269390659,1005.0,True,0,0
2024-10-08,542266.7042084566,0.0,1,536.8977269390659,1010.0,True,0,0
2024-10-09,547635.6814778473,0.0,1,536.8977269390659,1020.0,True,0,0
2024-10-11,561058.1246513239,0.0,1,536.8977269390659,1045.0,True,0,0
2024-10-14,561058.1246513239,0.0,1,536.8977269390659,1045.0,True,0,0
2024-10-15,574480.5678248005,0.0,1,536.8977269390659,1070.0,True,0,0
2024-10-16,561058.1246513239,0.0,1,536.8977269390659,1045.0,True,0,0
2024-10-17,555689.1473819333,0.0,1,536.8977269390659,1035.0,True,0,0
2024-10-18,582534.0337288865,0.0,1,536.8977269390659,1085.0,True,0,0
2024-10-21,582534.0337288865,0.0,1,536.8977269390659,1085.0,True,0,0
2024-10-22,577165.0564594959,0.0,1,536.8977269390659,1075.0,True,0,0
2024-10-23,569111.5905554099,0.0,1,536.8977269390659,1060.0,True,0,0
2024-10-24,569111.5905554099,0.0,1,536.8977269390659,1060.0,True,0,0
2024-10-25,571796.0791901052,0.0,1,536.8977269390659,1065.0,True,0,0
2024-10-28,563742.6132860192,563742.6132860192,0,0.0,1050.0,True,0,1
2024-10-29,563742.6132860192,563742.6132860192,0,0.0,1040.0,True,0,0
2024-10-30,563742.6132860192,563742.6132860192,0,0.0,1030.0,True,0,0
2024-11-01,563742.6132860192,563742.6132860192,0,0.0,1025.0,True,0,0
2024-11-04,563742.6132860192,0.0,1,542.0602050827108,1040.0,True,1,0
2024-11-05,569163.2153368463,0.0,1,542.0602050827108,1050.0,True,0,0
2024-11-06,574583.8173876734,0.0,1,542.0602050827108,1060.0,True,0,0
2024-11-07,577294.118413087,0.0,1,542.0602050827108,1065.0,True,0,0
2024-11-08,590845.6235401548,0.0,1,542.0602050827108,1090.0,True,0,0
2024-11-11,588135.3225147412,0.0,1,542.0602050827108,1085.0,True,0,0
2024-11-12,569163.2153368463,569163.2153368463,0,0.0,1050.0,True,0,1
2024-11-13,569163.2153368463,569163.2153368463,0,0.0,1035.0,True,0,0
2024-11-14,569163.2153368463,569163.2153368463,0,0.0,1035.0,True,0,0
2024-11-15,569163.2153368463,569163.2153368463,0,0.0,1035.0,True,0,0
2024-11-18,569163.2153368463,569163.2153368463,0,0.0,1025.0,True,0,0
2024-11-19,569163.2153368463,0.0,1,547.2723224392753,1040.0,True,1,0
2024-11-20,560954.1305002571,0.0,1,547.2723224392753,1025.0,True,0,0
2024-11-21,552745.0456636681,0.0,1,547.2723224392753,1010.0,True,0,0
2024-11-22,569163.2153368463,0.0,1,547.2723224392753,1040.0,True,1,0
2024-11-25,563690.4921124536,0.0,1,547.2723224392753,1030.0,True,0,0
2024-11-26,552745.0456636681,0.0,1,547.2723224392753,1010.0,True,0,0
2024-11-27,547272.3224392753,0.0,1,547.2723224392753,1000.0,True,0,0
2024-11-28,550008.6840514716,0.0,1,547.2723224392753,1005.0,True,0,0
2024-11-29,545083.2331495181,0.0,1,547.2723224392753,996.0,True,0,0
2024-12-02,566426.8537246499,0.0,1,547.2723224392753,1035.0,True,1,0
2024-12-03,577372.3001734355,0.0,1,547.2723224392753,1055.0,True,0,0
2024-12-04,585581.3850100245,0.0,1,547.2723224392753,1070.0,True,0,0
2024-12-05,588317.746622221,0.0,1,547.2723224392753,1075.0,True,0,0
2024-12-06,582845.0233978282,582845.0233978282,0,0.0,1065.0,True,0,1
2024-12-09,582845.0233978282,582845.0233978282,0,0.0,1075.0,True,0,0
2024-12-10,582845.0233978282,582845.0233978282,0,0.0,1065.0,True,0,0
2024-12-11,582845.0233978282,582845.0233978282,0,0.0,1045.0,True,0,0
2024-12-12,582845.0233978282,582845.0233978282,0,0.0,1060.0,True,0,0
2024-12-13,582845.0233978282,582845.0233978282,0,0.0,1065.0,True,0,0
2024-12-16,582845.0233978282,582845.0233978282,0,0.0,1085.0,True,0,0
2024-12-17,582845.0233978282,582845.0233978282,0,0.0,1075.0,True,0,1
2024-12-18,582845.0233978282,582845.0233978282,0,0.0,1085.0,True,0,0
2024-12-19,582845.0233978282,582845.0233978282,0,0.0,1070.0,True,0,0
2024-12-20,582845.0233978282,582845.0233978282,0,0.0,1035.0,True,0,0
2024-12-23,582845.0233978282,0.0,1,539.671317960952,1080.0,True,1,0
2024-12-24,582845.0233978282,0.0,1,539.671317960952,1080.0,True,0,0
2024-12-25,585543.379987633,0.0,1,539.671317960952,1085.0,True,0,0
2024-12-26,585543.379987633,0.0,1,539.671317960952,1085.0,True,0,0
2024-12-27,588241.7365774377,0.0,1,539.671317960952,1090.0,True,0,0
2024-12-30,588241.7365774377,0.0,1,539.671317960952,1090.0,True,0,0
2024-12-31,580146.6668080235,0.0,1,539.671317960952,1075.0,True,0,0
2025-01-02,574749.953628414,0.0,1,539.671317960952,1065.0,True,0,0
2025-01-03,580146.6668080235,0.0,1,539.671317960952,1075.0,True,0,0
2025-01-06,607130.232706071,0.0,1,539.671317960952,1125.0,True,0,0
2025-01-07,609828.5892958757,0.0,1,539.671317960952,1130.0,True,0,0
2025-01-08,596336.806346852,596336.806346852,0,0.0,1105.0,True,0,1
2025-01-09,596336.806346852,596336.806346852,0,0.0,1100.0,True,0,0
2025-01-10,596336.806346852,596336.806346852,0,0.0,1100.0,True,0,0
2025-01-13,596336.806346852,596336.806346852,0,0.0,1075.0,True,0,0
2025-01-14,596336.806346852,0.0,1,547.0979874741761,1090.0,True,1,0
2025-01-15,582659.3566599975,0.0,1,547.0979874741761,1065.0,True,0,0
2025-01-16,604543.2761589646,0.0,1,547.0979874741761,1105.0,True,1,0
2025-01-17,612749.7459710772,0.0,1,547.0979874741761,1120.0,True,0,0
2025-01-20,612749.7459710772,0.0,1,547.0979874741761,1120.0,True,0,0
2025-01-21,612749.7459710772,0.0,1,547.0979874741761,1120.0,True,0,0
2025-01-22,620956.2157831899,0.0,1,547.0979874741761,1135.0,True,0,0
2025-02-03,585394.8465973684,585394.8465973684,0,0.0,1070.0,True,0,1
2025-02-04,585394.8465973684,0.0,1,534.6071658423456,1095.0,True,1,0
2025-02-05,593413.9540850036,0.0,1,534.6071658423456,1110.0,True,0,0
2025-02-06,596086.9899142153,0.0,1,534.6071658423456,1115.0,True,0,0
2025-02-07,601433.0615726388,0.0,1,534.6071658423456,1125.0,True,0,0
2025-02-10,590740.9182557919,0.0,1,534.6071658423456,1105.0,True,0,0
2025-02-11,593413.9540850036,0.0,1,534.6071658423456,1110.0,True,0,0
2025-02-12,588067.8824265802,0.0,1,534.6071658423456,1100.0,True,0,0
2025-02-13,582721.8107681567,0.0,1,534.6071658423456,1090.0,True,0,0
2025-02-14,566683.5957928863,0.0,1,534.6071658423456,1060.0,True,0,0
2025-02-17,580048.774938945,0.0,1,534.6071658423456,1085.0,True,0,0
2025-02-18,588067.8824265802,0.0,1,534.6071658423456,1100.0,True,1,0
2025-02-19,582721.8107681567,0.0,1,534.6071658423456,1090.0,True,0,0
2025-02-20,577375.7391097333,0.0,1,534.6071658423456,1080.0,True,0,0
2025-02-21,585394.8465973684,0.0,1,534.6071658423456,1095.0,True,1,0
2025-02-24,574702.7032805216,0.0,1,534.6071658423456,1075.0,True,0,0
2025-02-25,564010.5599636746,0.0,1,534.6071658423456,1055.0,True,0,0
2025-02-26,566683.5957928863,0.0,1,534.6071658423456,1060.0,True,0,0
2025-02-27,555991.4524760394,0.0,1,534.6071658423456,1040.0,True,0,0
2025-03-03,545299.3091591925,0.0,1,534.6071658423456,1020.0,True,0,0
2025-03-04,534607.1658423456,0.0,1,534.6071658423456,1000.0,True,0,0
2025-03-05,545299.3091591925,0.0,1,534.6071658423456,1020.0,True,0,0
2025-03-06,537280.2016715573,0.0,1,534.6071658423456,1005.0,True,0,0
2025-03-07,537280.2016715573,0.0,1,534.6071658423456,1005.0,False,0,0
2025-03-10,533537.9515106609,0.0,1,534.6071658423456,998.0,False,0,0
2025-03-11,519103.55803291756,0.0,1,534.6071658423456,971.0,False,0,0
2025-03-12,528191.8798522374,0.0,1,534.6071658423456,988.0,False,0,0
2025-03-13,515895.9150378635,0.0,1,534.6071658423456,965.0,False,0,0
2025-03-14,512688.2720428094,0.0,1,534.6071658423456,959.0,False,0,0
2025-03-17,518568.95086707524,0.0,1,534.6071658423456,970.0,False,0,0
2025-03-18,519103.55803291756,0.0,1,534.6071658423456,971.0,False,0,0
2025-03-19,508946.021881913,0.0,1,534.6071658423456,952.0,False,0,0
2025-03-20,526588.0583547103,0.0,1,534.6071658423456,985.0,False,0,0
2025-03-21,519638.16519875993,0.0,1,534.6071658423456,972.0,False,0,0
2025-03-24,519638.16519875993,0.0,1,534.6071658423456,972.0,False,0,0
2025-03-25,529261.0941839222,0.0,1,534.6071658423456,990.0,False,0,0
2025-03-26,523915.02252549864,0.0,1,534.6071658423456,980.0,False,0,0
2025-03-27,512153.6648769671,0.0,1,534.6071658423456,958.0,False,0,0
2025-03-28,508946.021881913,0.0,1,534.6071658423456,952.0,False,0,0
2025-03-31,486492.5209165345,0.0,1,534.6071658423456,910.0,False,0,0
2025-04-01,504669.16455517424,0.0,1,534.6071658423456,944.0,False,0,0
2025-04-02,503599.95022348955,0.0,1,534.6071658423456,942.0,False,0,0
2025-04-07,453346.87663430907,0.0,1,534.6071658423456,848.0,False,0,0
2025-04-08,436239.447327354,0.0,1,534.6071658423456,816.0,False,0,0
2025-04-09,419666.6251862413,0.0,1,534.6071658423456,785.0,False,0,0
2025-04-10,461365.98412194423,0.0,1,534.6071658423456,863.0,False,0,0
2025-04-11,475265.77043384523,0.0,1,534.6071658423456,889.0,False,0,0
2025-04-14,462435.1984536289,0.0,1,534.6071658423456,865.0,False,0,0
2025-04-15,468850.4844437371,0.0,1,534.6071658423456,877.0,False,0,0
2025-04-16,457089.12679520546,0.0,1,534.6071658423456,855.0,False,0,0
2025-04-17,452812.2694684667,0.0,1,534.6071658423456,847.0,False,0,0
2025-04-18,454416.09096599376,0.0,1,534.6071658423456,850.0,False,0,0
2025-04-21,446396.98347835854,0.0,1,534.6071658423456,835.0,False,0,0
2025-04-22,436239.447327354,0.0,1,534.6071658423456,816.0,False,0,0
2025-04-23,466712.0557803677,0.0,1,534.6071658423456,873.0,False,0,0
2025-04-24,461900.5912877866,0.0,1,534.6071658423456,864.0,False,0,0
2025-04-25,474731.16326800286,0.0,1,534.6071658423456,888.0,False,0,0
2025-04-28,479542.627760584,0.0,1,534.6071658423456,897.0,False,0,0
2025-04-29,482215.6635897957,0.0,1,534.6071658423456,902.0,False,0,0
2025-04-30,485423.3065848498,0.0,1,534.6071658423456,908.0,False,0,0
2025-05-02,507876.8075502283,0.0,1,534.6071658423456,950.0,False,0,0
2025-05-05,501461.52156012016,0.0,1,534.6071658423456,938.0,False,0,0
2025-05-06,491838.59257495793,0.0,1,534.6071658423456,920.0,False,0,0
2025-05-07,496115.4499016967,0.0,1,534.6071658423456,928.0,False,0,0
2025-05-08,490769.37824327324,0.0,1,534.6071658423456,918.0,False,0,0
2025-05-09,507342.20038438594,0.0,1,534.6071658423456,949.0,False,0,0
2025-05-12,511619.0577111247,0.0,1,534.6071658423456,957.0,False,0,0
2025-05-13,518034.34370123286,0.0,1,534.6071658423456,969.0,False,0,0
2025-05-14,534072.5586765032,0.0,1,534.6071658423456,999.0,False,0,0
2025-05-15,530864.9156814491,0.0,1,534.6071658423456,993.0,False,0,0
2025-05-16,533537.9515106609,0.0,1,534.6071658423456,998.0,False,0,0
2025-05-19,526053.451188868,0.0,1,534.6071658423456,984.0,False,0,0
2025-05-20,522845.80819381395,522845.80819381395,0,0.0,978.0,False,0,1
2025-05-21,522845.80819381395,522845.80819381395,0,0.0,990.0,False,0,0
2025-05-22,522845.80819381395,522845.80819381395,0,0.0,982.0,False,0,1
2025-05-23,522845.80819381395,522845.80819381395,0,0.0,984.0,False,0,0
2025-05-26,522845.80819381395,522845.80819381395,0,0.0,976.0,False,0,0
2025-05-27,522845.80819381395,522845.80819381395,0,0.0,965.0,False,0,0
2025-05-28,522845.80819381395,522845.80819381395,0,0.0,967.0,False,0,0
2025-05-29,522845.80819381395,522845.80819381395,0,0.0,967.0,False,0,0
2025-06-02,522845.80819381395,522845.80819381395,0,0.0,946.0,False,0,0
2025-06-03,522845.80819381395,522845.80819381395,0,0.0,950.0,False,0,0
2025-06-04,522845.80819381395,522845.80819381395,0,0.0,990.0,False,0,0
2025-06-05,522845.80819381395,522845.80819381395,0,0.0,998.0,False,0,0
2025-06-06,522845.80819381395,522845.80819381395,0,0.0,995.0,False,0,1
2025-06-09,522845.80819381395,522845.80819381395,0,0.0,1005.0,False,0,0
2025-06-10,522845.80819381395,522845.80819381395,0,0.0,1045.0,True,0,0
2025-06-11,522845.80819381395,522845.80819381395,0,0.0,1065.0,True,0,0
2025-06-12,522845.80819381395,522845.80819381395,0,0.0,1045.0,True,0,0
2025-06-13,522845.80819381395,522845.80819381395,0,0.0,1030.0,False,0,0
2025-06-16,522845.80819381395,522845.80819381395,0,0.0,1025.0,False,0,1
2025-06-17,522845.80819381395,522845.80819381395,0,0.0,1045.0,False,0,0
2025-06-18,522845.80819381395,522845.80819381395,0,0.0,1055.0,True,0,0
2025-06-19,522845.80819381395,522845.80819381395,0,0.0,1035.0,False,0,1
2025-06-20,522845.80819381395,522845.80819381395,0,0.0,1055.0,False,0,0
2025-06-23,522845.80819381395,522845.80819381395,0,0.0,1020.0,False,0,1
2025-06-24,522845.80819381395,522845.80819381395,0,0.0,1050.0,False,0,0
2025-06-25,522845.80819381395,522845.80819381395,0,0.0,1070.0,True,0,0
2025-06-26,522845.80819381395,522845.80819381395,0,0.0,1075.0,True,0,0
2025-06-27,522845.80819381395,522845.80819381395,0,0.0,1080.0,True,0,0
2025-06-30,522845.80819381395,522845.80819381395,0,0.0,1060.0,True,0,1
2025-07-01,522845.80819381395,522845.80819381395,0,0.0,1085.0,True,0,0
2025-07-02,522845.80819381395,522845.80819381395,0,0.0,1085.0,True,0,0
2025-07-03,522845.80819381395,522845.80819381395,0,0.0,1090.0,True,0,0
2025-07-04,522845.80819381395,522845.80819381395,0,0.0,1085.0,True,0,0
2025-07-07,522845.80819381395,522845.80819381395,0,0.0,1080.0,True,0,0
2025-07-08,522845.80819381395,522845.80819381395,0,0.0,1080.0,True,0,0
2025-07-09,522845.80819381395,522845.80819381395,0,0.0,1090.0,True,0,0
2025-07-10,522845.80819381395,522845.80819381395,0,0.0,1100.0,True,0,0
2025-07-11,522845.80819381395,522845.80819381395,0,0.0,1100.0,True,0,0
2025-07-14,522845.80819381395,522845.80819381395,0,0.0,1095.0,True,0,0
2025-07-15,522845.80819381395,522845.80819381395,0,0.0,1110.0,True,0,0
2025-07-16,522845.80819381395,522845.80819381395,0,0.0,1130.0,True,0,0
2025-07-17,522845.80819381395,522845.80819381395,0,0.0,1130.0,True,0,0
2025-07-18,522845.80819381395,522845.80819381395,0,0.0,1155.0,True,0,0
2025-07-21,522845.80819381395,522845.80819381395,0,0.0,1150.0,True,0,0
2025-07-22,522845.80819381395,522845.80819381395,0,0.0,1130.0,True,0,0
2025-07-23,522845.80819381395,522845.80819381395,0,0.0,1145.0,True,0,0
2025-07-24,522845.80819381395,522845.80819381395,0,0.0,1145.0,True,0,0
2025-07-25,522845.80819381395,522845.80819381395,0,0.0,1145.0,True,0,0
2025-07-28,522845.80819381395,522845.80819381395,0,0.0,1145.0,True,0,0
2025-07-29,522845.80819381395,522845.80819381395,0,0.0,1135.0,True,0,0
2025-07-30,522845.80819381395,522845.80819381395,0,0.0,1155.0,True,0,0
2025-07-31,522845.80819381395,522845.80819381395,0,0.0,1160.0,True,0,0
2025-08-04,522845.80819381395,522845.80819381395,0,0.0,1135.0,True,0,1
2025-08-05,522845.80819381395,522845.80819381395,0,0.0,1150.0,True,0,0
2025-08-06,522845.80819381395,522845.80819381395,0,0.0,1125.0,True,0,1
2025-08-07,522845.80819381395,522845.80819381395,0,0.0,1180.0,True,0,0
2025-08-08,522845.80819381395,522845.80819381395,0,0.0,1175.0,True,0,0
2025-08-11,522845.80819381395,522845.80819381395,0,0.0,1180.0,True,0,0
2025-08-12,522845.80819381395,522845.80819381395,0,0.0,1180.0,True,0,0
2025-08-13,522845.80819381395,522845.80819381395,0,0.0,1200.0,True,0,0
2025-08-14,522845.80819381395,522845.80819381395,0,0.0,1175.0,True,0,1
2025-08-15,522845.80819381395,522845.80819381395,0,0.0,1180.0,True,0,0
2025-08-18,522845.80819381395,522845.80819381395,0,0.0,1180.0,True,0,0
2025-08-19,522845.80819381395,522845.80819381395,0,0.0,1185.0,True,0,0
2025-08-20,522845.80819381395,522845.80819381395,0,0.0,1135.0,True,0,1
2025-08-21,522845.80819381395,0.0,1,454.64852886418606,1150.0,True,1,0
2025-08-22,516026.0802608512,0.0,1,454.64852886418606,1135.0,True,0,0
2025-08-25,531938.7787710977,0.0,1,454.64852886418606,1170.0,True,1,0
2025-08-26,534212.0214154186,0.0,1,454.64852886418606,1175.0,True,0,0
2025-08-27,541031.7493483814,0.0,1,454.64852886418606,1190.0,True,0,0
2025-08-28,527392.2934824558,0.0,1,454.64852886418606,1160.0,True,0,0
2025-08-29,527392.2934824558,0.0,1,454.64852886418606,1160.0,True,0,0
2025-09-01,529665.5361267767,0.0,1,454.64852886418606,1165.0,True,0,0
2025-09-02,527392.2934824558,0.0,1,454.64852886418606,1160.0,True,0,0
2025-09-03,527392.2934824558,0.0,1,454.64852886418606,1160.0,True,0,0
2025-09-04,527392.2934824558,0.0,1,454.64852886418606,1160.0,True,0,0
2025-09-05,536485.2640597395,0.0,1,454.64852886418606,1180.0,True,0,0
2025-09-08,536485.2640597395,0.0,1,454.64852886418606,1180.0,True,0,0
2025-09-09,545578.2346370233,0.0,1,454.64852886418606,1200.0,True,0,0
2025-09-10,556944.4478586279,0.0,1,454.64852886418606,1225.0,True,0,0
2025-09-11,563764.1757915907,0.0,1,454.64852886418606,1240.0,True,0,0
2025-09-12,572857.1463688745,0.0,1,454.64852886418606,1260.0,True,0,0
2025-09-15,570583.9037245535,0.0,1,454.64852886418606,1255.0,True,0,0
2025-09-16,581950.1169461581,0.0,1,454.64852886418606,1280.0,True,0,0
2025-09-17,575130.3890131954,0.0,1,454.64852886418606,1265.0,True,0,0
2025-09-18,584223.359590479,0.0,1,454.64852886418606,1285.0,True,0,0
2025-09-19,575130.3890131954,0.0,1,454.64852886418606,1265.0,True,0,0
2025-09-22,588769.8448791209,0.0,1,454.64852886418606,1295.0,True,0,0
2025-09-23,609229.0286780093,0.0,1,454.64852886418606,1340.0,True,0,0
2025-09-24,609229.0286780093,0.0,1,454.64852886418606,1340.0,True,0,0
2025-09-25,600136.0581007256,0.0,1,454.64852886418606,1320.0,True,0,0
2025-09-26,591043.0875234419,0.0,1,454.64852886418606,1300.0,True,0,0
2025-09-30,593316.3301677628,0.0,1,454.64852886418606,1305.0,True,0,0
2025-10-01,602409.3007450466,0.0,1,454.64852886418606,1325.0,True,0,0
2025-10-02,620595.241899614,0.0,1,454.64852886418606,1365.0,True,0,0
2025-10-03,636507.9404098605,0.0,1,454.64852886418606,1400.0,True,0,0
2025-10-07,652420.638920107,0.0,1,454.64852886418606,1435.0,True,0,0
2025-10-08,643327.6683428233,0.0,1,454.64852886418606,1415.0,True,0,0
2025-10-09,654693.881564428,0.0,1,454.64852886418606,1440.0,True,0,0
2025-10-13,643327.6683428233,0.0,1,454.64852886418606,1415.0,True,0,0
2025-10-14,647874.1536314652,0.0,1,454.64852886418606,1425.0,True,0,0
2025-10-15,666060.0947860326,0.0,1,454.64852886418606,1465.0,True,0,0
2025-10-16,675153.0653633163,0.0,1,454.64852886418606,1485.0,True,0,0
2025-10-17,659240.3668530697,0.0,1,454.64852886418606,1450.0,True,0,0
2025-10-20,672879.8227189954,0.0,1,454.64852886418606,1480.0,True,0,0
2025-10-21,672879.8227189954,0.0,1,454.64852886418606,1480.0,True,0,0
2025-10-22,663786.8521417116,0.0,1,454.64852886418606,1460.0,True,0,0
2025-10-23,659240.3668530697,0.0,1,454.64852886418606,1450.0,True,0,0
2025-10-27,672879.8227189954,0.0,1,454.64852886418606,1480.0,True,0,0
2025-10-28,670606.5800746744,0.0,1,454.64852886418606,1475.0,True,0,0
2025-10-29,684246.0359406,0.0,1,454.64852886418606,1505.0,True,0,0
2025-10-30,684246.0359406,0.0,1,454.64852886418606,1505.0,True,0,0
2025-10-31,681972.793296279,0.0,1,454.64852886418606,1500.0,True,0,0
2025-11-03,686519.2785849209,0.0,1,454.64852886418606,1510.0,True,0,0
2025-11-04,684246.0359406,0.0,1,454.64852886418606,1505.0,True,0,0
2025-11-05,663786.8521417116,663786.8521417116,0,0.0,1460.0,True,0,1
2025-11-06,663786.8521417116,663786.8521417116,0,0.0,1465.0,True,0,0
2025-11-07,663786.8521417116,663786.8521417116,0,0.0,1460.0,True,0,0
2025-11-10,663786.8521417116,663786.8521417116,0,0.0,1475.0,True,0,0
2025-11-11,663786.8521417116,663786.8521417116,0,0.0,1465.0,True,0,0
2025-11-12,663786.8521417116,663786.8521417116,0,0.0,1475.0,True,0,0
2025-11-13,663786.8521417116,663786.8521417116,0,0.0,1460.0,True,0,0
2025-11-14,663786.8521417116,663786.8521417116,0,0.0,1430.0,True,0,0
2025-11-17,663786.8521417116,0.0,1,459.3680637658904,1445.0,True,1,0
2025-11-18,645412.1295910759,0.0,1,459.3680637658904,1405.0,True,0,0
2025-11-19,640818.4489534171,0.0,1,459.3680637658904,1395.0,True,0,0
2025-11-20,668380.5327793706,0.0,1,459.3680637658904,1455.0,True,1,0
2025-11-21,636224.7683157582,0.0,1,459.3680637658904,1385.0,True,0,0
2025-11-24,631631.0876780993,0.0,1,459.3680637658904,1375.0,True,0,0
2025-11-25,650005.8102287349,0.0,1,459.3680637658904,1415.0,True,0,0
2025-11-26,661490.0118228821,0.0,1,459.3680637658904,1440.0,True,1,0
2025-11-27,659193.1715040527,0.0,1,459.3680637658904,1435.0,True,0,0
2025-11-28,661490.0118228821,0.0,1,459.3680637658904,1440.0,True,0,0
2025-12-01,647708.9699099055,0.0,1,459.3680637658904,1410.0,True,0,0
2025-12-02,656896.3311852233,0.0,1,459.3680637658904,1430.0,True,1,0
2025-12-03,666083.692460541,0.0,1,459.3680637658904,1450.0,True,0,0
2025-12-04,663786.8521417116,0.0,1,459.3680637658904,1445.0,True,0,0
2025-12-05,670677.3730982,0.0,1,459.3680637658904,1460.0,True,0,0
2025-12-08,686755.2553300061,0.0,1,459.3680637658904,1495.0,True,0,0
2025-12-09,679864.7343735178,679864.7343735178,0,0.0,1480.0,True,0,1
2025-12-10,679864.7343735178,679864.7343735178,0,0.0,1505.0,True,0,0
2025-12-11,679864.7343735178,679864.7343735178,0,0.0,1470.0,True,0,1
2025-12-12,679864.7343735178,679864.7343735178,0,0.0,1480.0,True,0,0
2025-12-15,679864.7343735178,679864.7343735178,0,0.0,1450.0,True,0,0
2025-12-16,679864.7343735178,679864.7343735178,0,0.0,1435.0,True,0,0
2025-12-17,679864.7343735178,679864.7343735178,0,0.0,1430.0,True,0,0
2025-12-18,679864.7343735178,679864.7343735178,0,0.0,1430.0,True,0,0
2025-12-19,679864.7343735178,679864.7343735178,0,0.0,1430.0,True,0,0
2025-12-22,679864.7343735178,0.0,1,464.0714910399439,1465.0,True,1,0
2025-12-23,691466.5216495164,0.0,1,464.0714910399439,1490.0,True,0,0
2025-12-24,693786.8791047161,0.0,1,464.0714910399439,1495.0,True,0,0
2025-12-26,700747.9514703153,0.0,1,464.0714910399439,1510.0,True,0,0
2025-12-29,710029.3812911141,0.0,1,464.0714910399439,1530.0,True,0,0
2025-12-30,705388.6663807147,0.0,1,464.0714910399439,1520.0,True,0,0
2025-12-31,719310.8111119131,0.0,1,464.0714910399439,1550.0,True,0,0
2026-01-02,735553.3132983111,0.0,1,464.0714910399439,1585.0,True,0,0
2026-01-05,774999.3900367063,0.0,1,464.0714910399439,1670.0,True,0,0
2026-01-06,791241.8922231044,0.0,1,464.0714910399439,1705.0,True,0,0
2026-01-07,777319.747491906,0.0,1,464.0714910399439,1675.0,True,0,0
2026-01-08,781960.4624023054,0.0,1,464.0714910399439,1685.0,True,0,0
2026-01-09,779640.1049471057,0.0,1,464.0714910399439,1680.0,True,0,0
2026-01-12,784280.8198575052,0.0,1,464.0714910399439,1690.0,True,0,0
2026-01-13,793562.2496783041,0.0,1,464.0714910399439,1710.0,True,0,0
2026-01-14,793562.2496783041,0.0,1,464.0714910399439,1710.0,True,0,0
2026-01-15,784280.8198575052,0.0,1,464.0714910399439,1690.0,True,0,0
2026-01-16,807484.3944095024,0.0,1,464.0714910399439,1740.0,True,0,0
2026-01-19,816765.8242303013,0.0,1,464.0714910399439,1760.0,True,0,0
2026-01-20,823726.8965959004,0.0,1,464.0714910399439,1775.0,True,0,0
2026-01-21,807484.3944095024,0.0,1,464.0714910399439,1740.0,True,0,0
2026-01-22,816765.8242303013,0.0,1,464.0714910399439,1760.0,True,0,0
2026-01-23,821406.5391407007,0.0,1,464.0714910399439,1770.0,True,0,0
2026-01-26,814445.4667751016,0.0,1,464.0714910399439,1755.0,True,0,0
2026-01-27,826047.2540511001,0.0,1,464.0714910399439,1780.0,True,0,0
2026-01-28,844610.113692698,0.0,1,464.0714910399439,1820.0,True,0,0
2026-01-29,837649.0413270987,0.0,1,464.0714910399439,1805.0,True,0,0
2026-01-30,823726.8965959004,0.0,1,464.0714910399439,1775.0,True,0,0
2026-02-02,819086.181685501,0.0,1,464.0714910399439,1765.0,True,0,0
2026-02-03,835328.683871899,0.0,1,464.0714910399439,1800.0,True,0,0
2026-02-04,828367.6115062999,0.0,1,464.0714910399439,1785.0,True,0,0
2026-02-05,819086.181685501,819086.181685501,0,0.0,1765.0,True,0,1
2026-02-06,819086.181685501,819086.181685501,0,0.0,1780.0,True,0,0
2026-02-09,819086.181685501,819086.181685501,0,0.0,1815.0,True,0,0
2026-02-10,819086.181685501,819086.181685501,0,0.0,1880.0,True,0,0
