date,equity,cash,position,shares,entry_price,stop_level,trail_level,exit_reason_today
2023-01-30,1000000.0,1000000.0,0,0,0.0,0.0,0.0,
2023-01-31,1000000.0,1000000.0,0,0,0.0,0.0,0.0,
2023-02-01,1000000.0,1000000.0,0,0,0.0,0.0,0.0,
2023-02-02,1000000.0,1000000.0,0,0,0.0,0.0,0.0,
2023-02-03,1000000.0,1000000.0,0,0,0.0,0.0,0.0,
2023-02-06,1000000.0,1000000.0,0,0,0.0,0.0,0.0,
2023-02-07,1000000.0,1000000.0,0,0,0.0,0.0,0.0,
2023-02-08,1000000.0,1000000.0,0,0,0.0,0.0,0.0,
2023-02-09,1000000.0,1000000.0,0,0,0.0,0.0,0.0,
2023-02-10,1000000.0,1000000.0,0,0,0.0,0.0,0.0,
2023-02-13,1000000.0,1000000.0,0,0,0.0,0.0,0.0,
2023-02-14,1000000.0,1000000.0,0,0,0.0,0.0,0.0,
2023-02-15,1000000.0,1000000.0,0,0,0.0,0.0,0.0,
2023-02-16,1000000.0,1000000.0,0,0,0.0,0.0,0.0,
2023-02-17,1000000.0,1000000.0,0,0,0.0,0.0,0.0,
2023-02-20,1000000.0,1000000.0,0,0,0.0,0.0,0.0,
2023-02-21,1000000.0,1000000.0,0,0,0.0,0.0,0.0,
2023-02-22,1000000.0,1000000.0,0,0,0.0,0.0,0.0,
2023-02-23,1000000.0,1000000.0,0,0,0.0,0.0,0.0,
2023-02-24,1000000.0,1000000.0,0,0,0.0,0.0,0.0,
2023-03-01,1000000.0,1000000.0,0,0,0.0,0.0,0.0,
2023-03-02,1000000.0,1000000.0,0,0,0.0,0.0,0.0,
2023-03-03,1000000.0,1000000.0,0,0,0.0,0.0,0.0,
2023-03-06,1000000.0,1000000.0,0,0,0.0,0.0,0.0,
2023-03-07,1000000.0,1000000.0,0,0,0.0,0.0,0.0,
2023-03-08,1000000.0,1000000.0,0,0,0.0,0.0,0.0,
2023-03-09,1000000.0,1000000.0,0,0,0.0,0.0,0.0,
2023-03-10,1000000.0,1000000.0,0,0,0.0,0.0,0.0,
2023-03-13,1000000.0,1000000.0,0,0,0.0,0.0,0.0,
2023-03-14,1000000.0,1000000.0,0,0,0.0,0.0,0.0,
2023-03-15,1000000.0,1000000.0,0,0,0.0,0.0,0.0,
2023-03-16,1000000.0,1000000.0,0,0,0.0,0.0,0.0,
2023-03-17,1000000.0,1000000.0,0,0,0.0,0.0,0.0,
2023-03-20,1000000.0,1000000.0,0,0,0.0,0.0,0.0,
2023-03-21,1000000.0,1000000.0,0,0,0.0,0.0,0.0,
2023-03-22,1000000.0,1000000.0,0,0,0.0,0.0,0.0,
2023-03-23,1000000.0,1000000.0,0,0,0.0,0.0,0.0,
2023-03-24,1000000.0,1000000.0,0,0,0.0,0.0,0.0,
2023-03-27,1000000.0,1000000.0,0,0,0.0,0.0,0.0,
2023-03-28,1000000.0,1000000.0,0,0,0.0,0.0,0.0,
2023-03-29,1000000.0,1000000.0,0,0,0.0,0.0,0.0,
2023-03-30,1000000.0,1000000.0,0,0,0.0,0.0,0.0,
2023-03-31,1000000.0,1000000.0,0,0,0.0,0.0,0.0,
2023-04-06,1000000.0,1000000.0,0,0,0.0,0.0,0.0,
2023-04-07,1000000.0,1000000.0,0,0,0.0,0.0,0.0,
2023-04-10,1000000.0,1000000.0,0,0,0.0,0.0,0.0,
2023-04-11,1000000.0,1000000.0,0,0,0.0,0.0,0.0,
2023-04-12,1000000.0,1000000.0,0,0,0.0,0.0,0.0,
2023-04-13,1000000.0,1000000.0,0,0,0.0,0.0,0.0,
2023-04-14,1000000.0,1000000.0,0,0,0.0,0.0,0.0,
2023-04-17,1000000.0,1000000.0,0,0,0.0,0.0,0.0,
2023-04-18,1000000.0,1000000.0,0,0,0.0,0.0,0.0,
2023-04-19,1000000.0,1000000.0,0,0,0.0,0.0,0.0,
2023-04-20,1000000.0,1000000.0,0,0,0.0,0.0,0.0,
2023-04-21,1000000.0,1000000.0,0,0,0.0,0.0,0.0,
2023-04-24,1000000.0,1000000.0,0,0,0.0,0.0,0.0,
2023-04-25,1000000.0,1000000.0,0,0,0.0,0.0,0.0,
2023-04-26,1000000.0,1000000.0,0,0,0.0,0.0,0.0,
2023-04-27,1000000.0,1000000.0,0,0,0.0,0.0,0.0,
2023-04-28,1000000.0,1000000.0,0,0,0.0,0.0,0.0,
2023-05-02,1000000.0,1000000.0,0,0,0.0,0.0,0.0,
2023-05-03,1000000.0,1000000.0,0,0,0.0,0.0,0.0,
2023-05-04,1000000.0,1000000.0,0,0,0.0,0.0,0.0,
2023-05-05,1000000.0,1000000.0,0,0,0.0,0.0,0.0,
2023-05-08,1000000.0,1000000.0,0,0,0.0,0.0,0.0,
2023-05-09,1000000.0,1000000.0,0,0,0.0,0.0,0.0,
2023-05-10,1000000.0,1000000.0,0,0,0.0,0.0,0.0,
2023-05-11,1000000.0,1000000.0,0,0,0.0,0.0,0.0,
2023-05-12,1000000.0,1000000.0,0,0,0.0,0.0,0.0,
2023-05-15,1000000.0,1000000.0,0,0,0.0,0.0,0.0,
2023-05-16,1000000.0,1000000.0,0,0,0.0,0.0,0.0,
2023-05-17,1000000.0,1000000.0,0,0,0.0,0.0,0.0,
2023-05-18,1000000.0,1000000.0,0,0,0.0,0.0,0.0,
2023-05-19,1000000.0,1000000.0,0,0,0.0,0.0,0.0,
2023-05-22,1000000.0,1000000.0,0,0,0.0,0.0,0.0,
2023-05-23,1000000.0,1000000.0,0,0,0.0,0.0,0.0,
2023-05-24,1000000.0,1000000.0,0,0,0.0,0.0,0.0,
2023-05-25,1000000.0,1000000.0,0,0,0.0,0.0,0.0,
2023-05-26,1000000.0,1000000.0,0,0,0.0,0.0,0.0,
2023-05-29,1000000.0,1000000.0,0,0,0.0,0.0,0.0,
2023-05-30,1000000.0,1000000.0,0,0,0.0,0.0,0.0,
2023-05-31,1000000.0,1000000.0,0,0,0.0,0.0,0.0,
2023-06-01,1000000.0,1000000.0,0,0,0.0,0.0,0.0,
2023-06-02,1000000.0,1000000.0,0,0,0.0,0.0,0.0,
2023-06-05,1000000.0,1000000.0,0,0,0.0,0.0,0.0,
2023-06-06,1000000.0,1000000.0,0,0,0.0,0.0,0.0,
2023-06-07,1000000.0,1000000.0,0,0,0.0,0.0,0.0,
2023-06-08,1000000.0,1000000.0,0,0,0.0,0.0,0.0,
2023-06-09,1000000.0,1000000.0,0,0,0.0,0.0,0.0,
2023-06-12,1000000.0,1000000.0,0,0,0.0,0.0,0.0,
2023-06-13,1000000.0,1000000.0,0,0,0.0,0.0,0.0,
2023-06-14,1000000.0,1000000.0,0,0,0.0,0.0,0.0,
2023-06-15,1000000.0,1000000.0,0,0,0.0,0.0,0.0,
2023-06-16,1000000.0,1000000.0,0,0,0.0,0.0,0.0,
2023-06-19,1000000.0,1000000.0,0,0,0.0,0.0,0.0,
2023-06-20,1000000.0,1000000.0,0,0,0.0,0.0,0.0,
2023-06-21,1000000.0,1000000.0,0,0,0.0,0.0,0.0,
2023-06-26,1000000.0,1000000.0,0,0,0.0,0.0,0.0,
2023-06-27,1000000.0,1000000.0,0,0,0.0,0.0,0.0,
2023-06-28,1000000.0,1000000.0,0,0,0.0,0.0,0.0,
2023-06-29,1000000.0,1000000.0,0,0,0.0,0.0,0.0,
2023-06-30,1000000.0,1000000.0,0,0,0.0,0.0,0.0,
2023-07-03,1000000.0,1000000.0,0,0,0.0,0.0,0.0,
2023-07-04,1000000.0,1000000.0,0,0,0.0,0.0,0.0,
2023-07-05,1000000.0,1000000.0,0,0,0.0,0.0,0.0,
2023-07-06,1000000.0,1000000.0,0,0,0.0,0.0,0.0,
2023-07-07,1000000.0,1000000.0,0,0,0.0,0.0,0.0,
2023-07-10,1000000.0,1000000.0,0,0,0.0,0.0,0.0,
2023-07-11,1000000.0,1000000.0,0,0,0.0,0.0,0.0,
2023-07-12,1000000.0,1000000.0,0,0,0.0,0.0,0.0,
2023-07-13,1000000.0,1000000.0,0,0,0.0,0.0,0.0,
2023-07-14,1000000.0,1000000.0,0,0,0.0,0.0,0.0,
2023-07-17,1000000.0,1000000.0,0,0,0.0,0.0,0.0,
2023-07-18,1000000.0,1000000.0,0,0,0.0,0.0,0.0,
2023-07-19,1000000.0,1000000.0,0,0,0.0,0.0,0.0,
2023-07-20,1000000.0,1000000.0,0,0,0.0,0.0,0.0,
2023-07-21,1000000.0,1000000.0,0,0,0.0,0.0,0.0,
2023-07-24,1000000.0,1000000.0,0,0,0.0,0.0,0.0,
2023-07-25,1000000.0,1000000.0,0,0,0.0,0.0,0.0,
2023-07-26,1000000.0,1000000.0,0,0,0.0,0.0,0.0,
2023-07-27,1000000.0,1000000.0,0,0,0.0,0.0,0.0,
2023-07-28,1000000.0,1000000.0,0,0,0.0,0.0,0.0,
2023-07-31,1000000.0,1000000.0,0,0,0.0,0.0,0.0,
2023-08-01,1000000.0,1000000.0,0,0,0.0,0.0,0.0,
2023-08-02,1000000.0,1000000.0,0,0,0.0,0.0,0.0,
2023-08-04,1000000.0,1000000.0,0,0,0.0,0.0,0.0,
2023-08-07,1000000.0,1000000.0,0,0,0.0,0.0,0.0,
2023-08-08,1000000.0,1000000.0,0,0,0.0,0.0,0.0,
2023-08-09,1000000.0,1000000.0,0,0,0.0,0.0,0.0,
2023-08-10,1000000.0,1000000.0,0,0,0.0,0.0,0.0,
2023-08-11,1000000.0,1000000.0,0,0,0.0,0.0,0.0,
2023-08-14,1000000.0,1000000.0,0,0,0.0,0.0,0.0,
2023-08-15,1000000.0,1000000.0,0,0,0.0,0.0,0.0,
2023-08-16,1000000.0,1000000.0,0,0,0.0,0.0,0.0,
2023-08-17,1000000.0,1000000.0,0,0,0.0,0.0,0.0,
2023-08-18,1000000.0,1000000.0,0,0,0.0,0.0,0.0,
2023-08-21,1000000.0,1000000.0,0,0,0.0,0.0,0.0,
2023-08-22,1000000.0,1000000.0,0,0,0.0,0.0,0.0,
2023-08-23,1000000.0,1000000.0,0,0,0.0,0.0,0.0,
2023-08-24,1000000.0,1000000.0,0,0,0.0,0.0,0.0,
2023-08-25,1000000.0,1000000.0,0,0,0.0,0.0,0.0,
2023-08-28,1000000.0,1000000.0,0,0,0.0,0.0,0.0,
2023-08-29,1000000.0,1000000.0,0,0,0.0,0.0,0.0,
2023-08-30,1000000.0,1000000.0,0,0,0.0,0.0,0.0,
2023-08-31,1000000.0,1000000.0,0,0,0.0,0.0,0.0,
2023-09-01,1000000.0,1000000.0,0,0,0.0,0.0,0.0,
2023-09-04,1000000.0,1000000.0,0,0,0.0,0.0,0.0,
2023-09-05,1000000.0,1000000.0,0,0,0.0,0.0,0.0,
2023-09-06,1000000.0,1000000.0,0,0,0.0,0.0,0.0,
2023-09-07,1000000.0,1000000.0,0,0,0.0,0.0,0.0,
2023-09-08,1000000.0,1000000.0,0,0,0.0,0.0,0.0,
2023-09-11,1000000.0,1000000.0,0,0,0.0,0.0,0.0,
2023-09-12,1000000.0,1000000.0,0,0,0.0,0.0,0.0,
2023-09-13,1000000.0,1000000.0,0,0,0.0,0.0,0.0,
2023-09-14,1000000.0,1000000.0,0,0,0.0,0.0,0.0,
2023-09-15,1000000.0,1000000.0,0,0,0.0,0.0,0.0,
2023-09-18,1000000.0,1000000.0,0,0,0.0,0.0,0.0,
2023-09-19,1000000.0,1000000.0,0,0,0.0,0.0,0.0,
2023-09-20,1000000.0,1000000.0,0,0,0.0,0.0,0.0,
2023-09-21,1000000.0,1000000.0,0,0,0.0,0.0,0.0,
2023-09-22,1000000.0,1000000.0,0,0,0.0,0.0,0.0,
2023-09-25,1000000.0,1000000.0,0,0,0.0,0.0,0.0,
2023-09-26,1000000.0,1000000.0,0,0,0.0,0.0,0.0,
2023-09-27,1000000.0,1000000.0,0,0,0.0,0.0,0.0,
2023-09-28,1000000.0,1000000.0,0,0,0.0,0.0,0.0,
2023-10-02,1000000.0,1000000.0,0,0,0.0,0.0,0.0,
2023-10-03,1000000.0,1000000.0,0,0,0.0,0.0,0.0,
2023-10-04,1000000.0,1000000.0,0,0,0.0,0.0,0.0,
2023-10-05,1000000.0,1000000.0,0,0,0.0,0.0,0.0,
2023-10-06,1000000.0,1000000.0,0,0,0.0,0.0,0.0,
2023-10-11,1000000.0,1000000.0,0,0,0.0,0.0,0.0,
2023-10-12,1000000.0,1000000.0,0,0,0.0,0.0,0.0,
2023-10-13,1000000.0,1000000.0,0,0,0.0,0.0,0.0,
2023-10-16,1000000.0,1000000.0,0,0,0.0,0.0,0.0,
2023-10-17,1000000.0,1000000.0,0,0,0.0,0.0,0.0,
2023-10-18,1000000.0,1000000.0,0,0,0.0,0.0,0.0,
2023-10-19,1000000.0,1000000.0,0,0,0.0,0.0,0.0,
2023-10-20,1000000.0,1000000.0,0,0,0.0,0.0,0.0,
2023-10-23,1000000.0,1000000.0,0,0,0.0,0.0,0.0,
2023-10-24,1000000.0,1000000.0,0,0,0.0,0.0,0.0,
2023-10-25,1000000.0,1000000.0,0,0,0.0,0.0,0.0,
2023-10-26,1000000.0,1000000.0,0,0,0.0,0.0,0.0,
2023-10-27,1000000.0,1000000.0,0,0,0.0,0.0,0.0,
2023-10-30,1000000.0,1000000.0,0,0,0.0,0.0,0.0,
2023-10-31,1000000.0,1000000.0,0,0,0.0,0.0,0.0,
2023-11-01,1000000.0,1000000.0,0,0,0.0,0.0,0.0,
2023-11-02,1000000.0,1000000.0,0,0,0.0,0.0,0.0,
2023-11-03,1000000.0,1000000.0,0,0,0.0,0.0,0.0,
2023-11-06,1000000.0,1000000.0,0,0,0.0,0.0,0.0,
2023-11-07,1000000.0,1000000.0,0,0,0.0,0.0,0.0,
2023-11-08,1000000.0,1000000.0,0,0,0.0,0.0,0.0,
2023-11-09,1000000.0,1000000.0,0,0,0.0,0.0,0.0,
2023-11-10,1000000.0,1000000.0,0,0,0.0,0.0,0.0,
2023-11-13,1000000.0,1000000.0,0,0,0.0,0.0,0.0,
2023-11-14,1000000.0,1000000.0,0,0,0.0,0.0,0.0,
2023-11-15,1000000.0,1000000.0,0,0,0.0,0.0,0.0,
2023-11-16,1000000.0,1000000.0,0,0,0.0,0.0,0.0,
2023-11-17,1000000.0,1000000.0,0,0,0.0,0.0,0.0,
2023-11-20,1000000.0,1000000.0,0,0,0.0,0.0,0.0,
2023-11-21,1000000.0,1000000.0,0,0,0.0,0.0,0.0,
2023-11-22,1000000.0,1000000.0,0,0,0.0,0.0,0.0,
2023-11-23,1000000.0,1000000.0,0,0,0.0,0.0,0.0,
2023-11-24,1000000.0,1000000.0,0,0,0.0,0.0,0.0,
2023-11-27,1000000.0,1000000.0,0,0,0.0,0.0,0.0,
2023-11-28,1000000.0,1000000.0,0,0,0.0,0.0,0.0,
2023-11-29,1000000.0,1000000.0,0,0,0.0,0.0,0.0,
2023-11-30,1000000.0,1000000.0,0,0,0.0,0.0,0.0,
2023-12-01,1000000.0,1000000.0,0,0,0.0,0.0,0.0,
2023-12-04,1000000.0,1000000.0,0,0,0.0,0.0,0.0,
2023-12-05,1000000.0,1000000.0,0,0,0.0,0.0,0.0,
2023-12-06,1000000.0,1000000.0,0,0,0.0,0.0,0.0,
2023-12-07,1000000.0,1000000.0,0,0,0.0,0.0,0.0,
2023-12-08,998078.004125,8.004125,1,1751,570.285,547.4736,513.0,
2023-12-11,1005082.004125,8.004125,1,1751,570.285,547.4736,513.0,
2023-12-12,1012086.004125,8.004125,1,1751,570.285,547.4736,517.5,
2023-12-13,1010335.004125,8.004125,1,1751,570.285,547.4736,518.4,
2023-12-14,1019090.004125,8.004125,1,1751,570.285,547.4736,521.1,
2023-12-15,1024343.004125,8.004125,1,1751,570.285,547.4736,522.0,
2023-12-18,1024343.004125,8.004125,1,1751,570.285,547.4736,522.0,
2023-12-19,1024343.004125,8.004125,1,1751,570.285,547.4736,522.0,
2023-12-20,1024343.004125,8.004125,1,1751,570.285,547.4736,524.7,
2023-12-21,1010335.004125,8.004125,1,1751,570.285,547.4736,524.7,
2023-12-22,1019090.004125,8.004125,1,1751,570.285,547.4736,524.7,
2023-12-25,1017339.004125,8.004125,1,1751,570.285,547.4736,524.7,
2023-12-26,1026094.004125,8.004125,1,1751,570.285,547.4736,524.7,
2023-12-27,1036600.004125,8.004125,1,1751,570.285,547.4736,527.4,
2023-12-28,1038351.004125,8.004125,1,1751,570.285,547.4736,530.1,
2023-12-29,1038351.004125,8.004125,1,1751,570.285,547.4736,530.1,
2024-01-02,1038351.004125,8.004125,1,1751,570.285,547.4736,530.1,
2024-01-03,1012086.004125,8.004125,1,1751,570.285,547.4736,530.1,
2024-01-04,1015588.004125,8.004125,1,1751,570.285,547.4736,530.1,
2024-01-05,1008584.004125,8.004125,1,1751,570.285,547.4736,530.1,
2024-01-08,1020841.004125,8.004125,1,1751,570.285,547.4736,530.1,
2024-01-09,1026094.004125,8.004125,1,1751,570.285,547.4736,530.1,
2024-01-10,1022592.004125,8.004125,1,1751,570.285,547.4736,530.1,
2024-01-11,1026094.004125,8.004125,1,1751,570.285,547.4736,530.1,
2024-01-12,1022592.004125,8.004125,1,1751,570.285,547.4736,530.1,
2024-01-15,1026094.004125,8.004125,1,1751,570.285,547.4736,530.1,
2024-01-16,1015588.004125,8.004125,1,1751,570.285,547.4736,530.1,
2024-01-17,1017339.004125,8.004125,1,1751,570.285,547.4736,530.1,
2024-01-18,1029596.004125,8.004125,1,1751,570.285,547.4736,530.1,
2024-01-19,1096134.004125,8.004125,1,1751,570.285,547.4736,552.6,
2024-01-22,1096134.004125,8.004125,1,1751,570.285,547.4736,560.7,
2024-01-23,1099636.004125,8.004125,1,1751,570.285,547.4736,560.7,
2024-01-24,1097885.004125,8.004125,1,1751,570.285,547.4736,561.6,
2024-01-25,1124150.004125,8.004125,1,1751,570.285,547.4736,569.7,
2024-01-26,1127652.004125,8.004125,1,1751,570.285,547.4736,575.1,
2024-01-29,1134656.004125,8.004125,1,1751,570.285,547.4736,579.6,
2024-01-30,1124150.004125,8.004125,1,1751,570.285,547.4736,579.6,
2024-01-31,1099636.004125,8.004125,1,1751,570.285,547.4736,579.6,
2024-02-01,1099636.004125,8.004125,1,1751,570.285,547.4736,579.6,
2024-02-02,1111893.004125,8.004125,1,1751,570.285,547.4736,579.6,
2024-02-05,1131154.004125,8.004125,1,1751,570.285,547.4736,579.6,
2024-02-15,1220455.004125,8.004125,1,1751,570.285,547.4736,623.7,
2024-02-16,1195941.004125,8.004125,1,1751,570.285,547.4736,623.7,
2024-02-19,1187186.004125,8.004125,1,1751,570.285,547.4736,623.7,
2024-02-20,1202945.004125,8.004125,1,1751,570.285,547.4736,623.7,
2024-02-21,1192439.004125,8.004125,1,1751,570.285,547.4736,623.7,
2024-02-22,1211700.004125,8.004125,1,1751,570.285,547.4736,623.7,
2024-02-23,1220455.004125,8.004125,1,1751,570.285,547.4736,626.4,
2024-02-26,1222206.004125,8.004125,1,1751,570.285,547.4736,626.4,
2024-02-27,1222206.004125,8.004125,1,1751,570.285,547.4736,626.4,
2024-02-29,1208198.004125,8.004125,1,1751,570.285,547.4736,626.4,
2024-03-01,1206447.004125,8.004125,1,1751,570.285,547.4736,626.4,
2024-03-04,1269483.004125,8.004125,1,1751,570.285,547.4736,639.9,
2024-03-05,1278238.004125,8.004125,1,1751,570.285,547.4736,655.2,
2024-03-06,1286993.004125,8.004125,1,1751,570.285,547.4736,655.2,
2024-03-07,1330768.004125,8.004125,1,1751,570.285,547.4736,678.6,
2024-03-08,1372792.004125,8.004125,1,1751,570.285,547.4736,694.8,
2024-03-11,1341274.004125,8.004125,1,1751,570.285,547.4736,694.8,
2024-03-12,1348278.004125,8.004125,1,1751,570.285,547.4736,694.8,
2024-03-13,1364037.004125,8.004125,1,1751,570.285,547.4736,699.3,
2024-03-14,1372792.004125,8.004125,1,1751,570.285,547.4736,699.3,
2024-03-15,1318511.004125,8.004125,1,1751,570.285,547.4736,699.3,
2024-03-18,1337772.004125,8.004125,1,1751,570.285,547.4736,699.3,
2024-03-19,1334270.004125,8.004125,1,1751,570.285,547.4736,699.3,
2024-03-20,1327266.004125,8.004125,1,1751,570.285,547.4736,699.3,
2024-03-21,1372792.004125,8.004125,1,1751,570.285,547.4736,699.3,
2024-03-22,1374543.004125,8.004125,1,1751,570.285,547.4736,699.3,
2024-03-25,1365788.004125,8.004125,1,1751,570.285,547.4736,701.1,
2024-03-26,1369290.004125,8.004125,1,1751,570.285,547.4736,701.1,
2024-03-27,1364037.004125,8.004125,1,1751,570.285,547.4736,701.1,
2024-03-28,1346527.004125,8.004125,1,1751,570.285,547.4736,701.1,
2024-03-29,1358784.004125,8.004125,1,1751,570.285,547.4736,701.1,
2024-04-01,1348278.004125,8.004125,1,1751,570.285,547.4736,701.1,
2024-04-02,1383298.004125,8.004125,1,1751,570.285,547.4736,704.7,
2024-04-03,1365788.004125,8.004125,1,1751,570.285,547.4736,704.7,
2024-04-08,1371041.004125,8.004125,1,1751,570.285,547.4736,704.7,
2024-04-09,1434077.004125,8.004125,1,1751,570.285,547.4736,712.8,
2024-04-10,1427073.004125,8.004125,1,1751,570.285,547.4736,729.0,
2024-04-11,1435828.004125,8.004125,1,1751,570.285,547.4736,729.9,
2024-04-12,1432326.004125,8.004125,1,1751,570.285,547.4736,735.3,
2024-04-15,1411314.004125,8.004125,1,1751,570.285,547.4736,735.3,
2024-04-16,1379796.004125,8.004125,1,1751,570.285,547.4736,735.3,
2024-04-17,1407812.004125,8.004125,1,1751,570.285,547.4736,735.3,
2024-04-18,1407812.004125,8.004125,1,1751,570.285,547.4736,735.3,
2024-04-19,1313258.004125,8.004125,1,1751,570.285,547.4736,735.3,
2024-04-22,1292854.111848,1292854.111848,0,0,0.0,0.0,0.0,trend_break
2024-04-23,1292854.111848,1292854.111848,0,0,0.0,0.0,0.0,
2024-04-24,1290370.711082,769.711082,1,1647,783.3915,752.05584,692.1,
2024-04-25,1262371.711082,769.711082,1,1647,783.3915,752.05584,692.1,
2024-04-26,1288723.711082,769.711082,1,1647,783.3915,752.05584,703.8,
2024-04-29,1310134.711082,769.711082,1,1647,783.3915,752.05584,708.3,
2024-04-30,1301899.711082,769.711082,1,1647,783.3915,752.05584,711.0,
2024-05-02,1272253.711082,769.711082,1,1647,783.3915,752.05584,711.0,
2024-05-03,1285429.711082,769.711082,1,1647,783.3915,752.05584,711.0,
2024-05-06,1295311.711082,769.711082,1,1647,783.3915,752.05584,711.0,
2024-05-07,1318369.711082,769.711082,1,1647,783.3915,752.05584,712.8,
2024-05-08,1321663.711082,769.711082,1,1647,783.3915,752.05584,712.8,
2024-05-09,1311781.711082,769.711082,1,1647,783.3915,752.05584,716.4,
2024-05-10,1321663.711082,769.711082,1,1647,783.3915,752.05584,718.2,
2024-05-13,1349662.711082,769.711082,1,1647,783.3915,752.05584,736.2,
2024-05-14,1359544.711082,769.711082,1,1647,783.3915,752.05584,736.2,
2024-05-15,1382602.711082,769.711082,1,1647,783.3915,752.05584,753.3,
2024-05-16,1385896.711082,769.711082,1,1647,783.3915,752.05584,753.3,
2024-05-17,1376014.711082,769.711082,1,1647,783.3915,752.05584,753.3,
2024-05-20,1376014.711082,769.711082,1,1647,783.3915,752.05584,753.3,
2024-05-21,1385896.711082,769.711082,1,1647,783.3915,752.05584,753.3,
2024-05-22,1423777.711082,769.711082,1,1647,783.3915,752.05584,758.7,
2024-05-23,1441894.711082,769.711082,1,1647,783.3915,752.05584,780.3,
2024-05-24,1428718.711082,769.711082,1,1647,783.3915,752.05584,780.3,
2024-05-27,1432012.711082,769.711082,1,1647,783.3915,752.05584,780.3,
2024-05-28,1425424.711082,769.711082,1,1647,783.3915,752.05584,780.3,
2024-05-29,1412248.711082,769.711082,1,1647,783.3915,752.05584,780.3,
2024-05-30,1380955.711082,769.711082,1,1647,783.3915,752.05584,780.3,
2024-05-31,1352956.711082,769.711082,1,1647,783.3915,752.05584,780.3,
2024-06-03,1394131.711082,769.711082,1,1647,783.3915,752.05584,780.3,
2024-06-04,1382602.711082,769.711082,1,1647,783.3915,752.05584,780.3,
2024-06-05,1407307.711082,769.711082,1,1647,783.3915,752.05584,780.3,
2024-06-06,1473187.711082,769.711082,1,1647,783.3915,752.05584,796.5,
2024-06-07,1448482.711082,769.711082,1,1647,783.3915,752.05584,796.5,
2024-06-11,1455070.711082,769.711082,1,1647,783.3915,752.05584,796.5,
2024-06-12,1497892.711082,769.711082,1,1647,783.3915,752.05584,799.2,
2024-06-13,1514362.711082,769.711082,1,1647,783.3915,752.05584,819.9,
2024-06-14,1519303.711082,769.711082,1,1647,783.3915,752.05584,819.9,
2024-06-17,1517656.711082,769.711082,1,1647,783.3915,752.05584,821.7,
2024-06-18,1553890.711082,769.711082,1,1647,783.3915,752.05584,846.0,
2024-06-19,1616476.711082,769.711082,1,1647,783.3915,752.05584,857.7,
2024-06-20,1616476.711082,769.711082,1,1647,783.3915,752.05584,873.9,
2024-06-21,1598359.711082,769.711082,1,1647,783.3915,752.05584,873.9,
2024-06-24,1548949.711082,769.711082,1,1647,783.3915,752.05584,873.9,
2024-06-25,1557184.711082,769.711082,1,1647,783.3915,752.05584,873.9,
2024-06-26,1581889.711082,769.711082,1,1647,783.3915,752.05584,873.9,
2024-06-27,1581889.711082,769.711082,1,1647,783.3915,752.05584,873.9,
2024-06-28,1591771.711082,769.711082,1,1647,783.3915,752.05584,873.9,
2024-07-01,1595065.711082,769.711082,1,1647,783.3915,752.05584,873.9,
2024-07-02,1581889.711082,769.711082,1,1647,783.3915,752.05584,873.9,
2024-07-03,1613182.711082,769.711082,1,1647,783.3915,752.05584,873.9,
2024-07-04,1656004.711082,769.711082,1,1647,783.3915,752.05584,897.3,
2024-07-05,1656004.711082,769.711082,1,1647,783.3915,752.05584,900.0,
2024-07-08,1705414.711082,769.711082,1,1647,783.3915,752.05584,900.0,
2024-07-09,1713649.711082,769.711082,1,1647,783.3915,752.05584,922.5,
2024-07-10,1721884.711082,769.711082,1,1647,783.3915,752.05584,922.5,
2024-07-11,1779529.711082,769.711082,1,1647,783.3915,752.05584,949.5,
2024-07-12,1713649.711082,769.711082,1,1647,783.3915,752.05584,949.5,
2024-07-15,1713649.711082,769.711082,1,1647,783.3915,752.05584,949.5,
2024-07-16,1738354.711082,769.711082,1,1647,783.3915,752.05584,949.5,
2024-07-17,1697179.711082,769.711082,1,1647,783.3915,752.05584,949.5,
2024-07-18,1656004.711082,769.711082,1,1647,783.3915,752.05584,949.5,
2024-07-19,1598359.711082,769.711082,1,1647,783.3915,752.05584,949.5,
2024-07-22,1539689.457762,1539689.457762,0,0,0.0,0.0,0.0,trailing_stop_low
2024-07-23,1539689.457762,1539689.457762,0,0,0.0,0.0,0.0,
2024-07-26,1539689.457762,1539689.457762,0,0,0.0,0.0,0.0,
2024-07-29,1539689.457762,1539689.457762,0,0,0.0,0.0,0.0,
2024-07-30,1539689.457762,1539689.457762,0,0,0.0,0.0,0.0,
2024-07-31,1539689.457762,1539689.457762,0,0,0.0,0.0,0.0,
2024-08-01,1539689.457762,1539689.457762,0,0,0.0,0.0,0.0,
2024-08-02,1539689.457762,1539689.457762,0,0,0.0,0.0,0.0,
2024-08-05,1539689.457762,1539689.457762,0,0,0.0,0.0,0.0,
2024-08-06,1539689.457762,1539689.457762,0,0,0.0,0.0,0.0,
2024-08-07,1539689.457762,1539689.457762,0,0,0.0,0.0,0.0,
2024-08-08,1539689.457762,1539689.457762,0,0,0.0,0.0,0.0,
2024-08-09,1539689.457762,1539689.457762,0,0,0.0,0.0,0.0,
2024-08-12,1539689.457762,1539689.457762,0,0,0.0,0.0,0.0,
2024-08-13,1539689.457762,1539689.457762,0,0,0.0,0.0,0.0,
2024-08-14,1539689.457762,1539689.457762,0,0,0.0,0.0,0.0,
2024-08-15,1539689.457762,1539689.457762,0,0,0.0,0.0,0.0,
2024-08-16,1539689.457762,1539689.457762,0,0,0.0,0.0,0.0,
2024-08-19,1539689.457762,1539689.457762,0,0,0.0,0.0,0.0,
2024-08-20,1539689.457762,1539689.457762,0,0,0.0,0.0,0.0,
2024-08-21,1539689.457762,1539689.457762,0,0,0.0,0.0,0.0,
2024-08-22,1539689.457762,1539689.457762,0,0,0.0,0.0,0.0,
2024-08-23,1539689.457762,1539689.457762,0,0,0.0,0.0,0.0,
2024-08-26,1539689.457762,1539689.457762,0,0,0.0,0.0,0.0,
2024-08-27,1539689.457762,1539689.457762,0,0,0.0,0.0,0.0,
2024-08-28,1539689.457762,1539689.457762,0,0,0.0,0.0,0.0,
2024-08-29,1539689.457762,1539689.457762,0,0,0.0,0.0,0.0,
2024-08-30,1539689.457762,1539689.457762,0,0,0.0,0.0,0.0,
2024-09-02,1539689.457762,1539689.457762,0,0,0.0,0.0,0.0,
2024-09-03,1539689.457762,1539689.457762,0,0,0.0,0.0,0.0,
2024-09-04,1539689.457762,1539689.457762,0,0,0.0,0.0,0.0,
2024-09-05,1539689.457762,1539689.457762,0,0,0.0,0.0,0.0,
2024-09-06,1539689.457762,1539689.457762,0,0,0.0,0.0,0.0,
2024-09-09,1539689.457762,1539689.457762,0,0,0.0,0.0,0.0,
2024-09-10,1539689.457762,1539689.457762,0,0,0.0,0.0,0.0,
2024-09-11,1539689.457762,1539689.457762,0,0,0.0,0.0,0.0,
2024-09-12,1539689.457762,1539689.457762,0,0,0.0,0.0,0.0,
2024-09-13,1539689.457762,1539689.457762,0,0,0.0,0.0,0.0,
2024-09-16,1539689.457762,1539689.457762,0,0,0.0,0.0,0.0,
2024-09-18,1539689.457762,1539689.457762,0,0,0.0,0.0,0.0,
2024-09-19,1539689.457762,1539689.457762,0,0,0.0,0.0,0.0,
2024-09-20,1539689.457762,1539689.457762,0,0,0.0,0.0,0.0,
2024-09-23,1539689.457762,1539689.457762,0,0,0.0,0.0,0.0,
2024-09-24,1539689.457762,1539689.457762,0,0,0.0,0.0,0.0,
2024-09-25,1539689.457762,1539689.457762,0,0,0.0,0.0,0.0,
2024-09-26,1539689.457762,1539689.457762,0,0,0.0,0.0,0.0,
2024-09-27,1539689.457762,1539689.457762,0,0,0.0,0.0,0.0,
2024-09-30,1539689.457762,1539689.457762,0,0,0.0,0.0,0.0,
2024-10-01,1536732.025533,972.025533,1,1580,972.486,933.58656,870.3,
2024-10-04,1544632.025533,972.025533,1,1580,972.486,933.58656,870.3,
2024-10-07,1588872.025533,972.025533,1,1580,972.486,933.58656,890.1,
2024-10-08,1596772.025533,972.025533,1,1580,972.486,933.58656,897.3,
2024-10-09,1612572.025533,972.025533,1,1580,972.486,933.58656,918.0,
2024-10-11,1652072.025533,972.025533,1,1580,972.486,933.58656,918.0,
2024-10-14,1652072.025533,972.025533,1,1580,972.486,933.58656,931.5,
2024-10-15,1691572.025533,972.025533,1,1580,972.486,933.58656,945.0,
2024-10-16,1652072.025533,972.025533,1,1580,972.486,933.58656,945.0,
2024-10-17,1636272.025533,972.025533,1,1580,972.486,933.58656,945.0,
2024-10-18,1715272.025533,972.025533,1,1580,972.486,933.58656,967.5,
2024-10-21,1715272.025533,972.025533,1,1580,972.486,933.58656,972.0,
2024-10-22,1699472.025533,972.025533,1,1580,972.486,933.58656,972.0,
2024-10-23,1675772.025533,972.025533,1,1580,972.486,933.58656,972.0,
2024-10-24,1675772.025533,972.025533,1,1580,972.486,933.58656,972.0,
2024-10-25,1683672.025533,972.025533,1,1580,972.486,933.58656,972.0,
2024-10-28,1659972.025533,972.025533,1,1580,972.486,933.58656,972.0,
2024-10-29,1644172.025533,972.025533,1,1580,972.486,933.58656,972.0,
2024-10-30,1628372.025533,972.025533,1,1580,972.486,933.58656,972.0,
2024-11-01,1620472.025533,972.025533,1,1580,972.486,933.58656,972.0,
2024-11-04,1644172.025533,972.025533,1,1580,972.486,933.58656,972.0,
2024-11-05,1659972.025533,972.025533,1,1580,972.486,933.58656,972.0,
2024-11-06,1675772.025533,972.025533,1,1580,972.486,933.58656,972.0,
2024-11-07,1683672.025533,972.025533,1,1580,972.486,933.58656,972.0,
2024-11-08,1723172.025533,972.025533,1,1580,972.486,933.58656,972.0,
2024-11-11,1715272.025533,972.025533,1,1580,972.486,933.58656,972.0,
2024-11-12,1659972.025533,972.025533,1,1580,972.486,933.58656,972.0,
2024-11-13,1636272.025533,972.025533,1,1580,972.486,933.58656,972.0,
2024-11-14,1636272.025533,972.025533,1,1580,972.486,933.58656,972.0,
2024-11-15,1636272.025533,972.025533,1,1580,972.486,933.58656,972.0,
2024-11-18,1620472.025533,972.025533,1,1580,972.486,933.58656,972.0,
2024-11-19,1644172.025533,972.025533,1,1580,972.486,933.58656,972.0,
2024-11-20,1620472.025533,972.025533,1,1580,972.486,933.58656,972.0,
2024-11-21,1588916.24124,1588916.24124,0,0,0.0,0.0,0.0,trend_break
2024-11-22,1588916.24124,1588916.24124,0,0,0.0,0.0,0.0,
2024-11-25,1588916.24124,1588916.24124,0,0,0.0,0.0,0.0,
2024-11-26,1588916.24124,1588916.24124,0,0,0.0,0.0,0.0,
2024-11-27,1588916.24124,1588916.24124,0,0,0.0,0.0,0.0,
2024-11-28,1588916.24124,1588916.24124,0,0,0.0,0.0,0.0,
2024-11-29,1588916.24124,1588916.24124,0,0,0.0,0.0,0.0,
2024-12-02,1585862.792986,242.792986,1,1532,1035.5175,994.0968,913.5,
2024-12-03,1616502.792986,242.792986,1,1532,1035.5175,994.0968,949.5,
2024-12-04,1639482.792986,242.792986,1,1532,1035.5175,994.0968,949.5,
2024-12-05,1647142.792986,242.792986,1,1532,1035.5175,994.0968,963.0,
2024-12-06,1631822.792986,242.792986,1,1532,1035.5175,994.0968,963.0,
2024-12-09,1647142.792986,242.792986,1,1532,1035.5175,994.0968,963.0,
2024-12-10,1631822.792986,242.792986,1,1532,1035.5175,994.0968,963.0,
2024-12-11,1601182.792986,242.792986,1,1532,1035.5175,994.0968,963.0,
2024-12-12,1624162.792986,242.792986,1,1532,1035.5175,994.0968,963.0,
2024-12-13,1631822.792986,242.792986,1,1532,1035.5175,994.0968,963.0,
2024-12-16,1662462.792986,242.792986,1,1532,1035.5175,994.0968,967.5,
2024-12-17,1647142.792986,242.792986,1,1532,1035.5175,994.0968,967.5,
2024-12-18,1662462.792986,242.792986,1,1532,1035.5175,994.0968,967.5,
2024-12-19,1639482.792986,242.792986,1,1532,1035.5175,994.0968,967.5,
2024-12-20,1578057.12267,1578057.12267,0,0,0.0,0.0,0.0,trend_break
2024-12-23,1578057.12267,1578057.12267,0,0,0.0,0.0,0.0,
2024-12-24,1578057.12267,1578057.12267,0,0,0.0,0.0,0.0,
2024-12-25,1578057.12267,1578057.12267,0,0,0.0,0.0,0.0,
2024-12-26,1578057.12267,1578057.12267,0,0,0.0,0.0,0.0,
2024-12-27,1578057.12267,1578057.12267,0,0,0.0,0.0,0.0,
2024-12-30,1578057.12267,1578057.12267,0,0,0.0,0.0,0.0,
2024-12-31,1578057.12267,1578057.12267,0,0,0.0,0.0,0.0,
2025-01-02,1578057.12267,1578057.12267,0,0,0.0,0.0,0.0,
2025-01-03,1578057.12267,1578057.12267,0,0,0.0,0.0,0.0,
2025-01-06,1578057.12267,1578057.12267,0,0,0.0,0.0,0.0,
2025-01-07,1578057.12267,1578057.12267,0,0,0.0,0.0,0.0,
2025-01-08,1578057.12267,1578057.12267,0,0,0.0,0.0,0.0,
2025-01-09,1578057.12267,1578057.12267,0,0,0.0,0.0,0.0,
2025-01-10,1578057.12267,1578057.12267,0,0,0.0,0.0,0.0,
2025-01-13,1578057.12267,1578057.12267,0,0,0.0,0.0,0.0,
2025-01-14,1575026.128224,1066.128224,1,1444,1090.545,1046.9232,967.5,
2025-01-15,1538926.128224,1066.128224,1,1444,1090.545,1046.9232,967.5,
2025-01-16,1596686.128224,1066.128224,1,1444,1090.545,1046.9232,981.0,
2025-01-17,1618346.128224,1066.128224,1,1444,1090.545,1046.9232,985.5,
2025-01-20,1618346.128224,1066.128224,1,1444,1090.545,1046.9232,1008.0,
2025-01-21,1618346.128224,1066.128224,1,1444,1090.545,1046.9232,1008.0,
2025-01-22,1640006.128224,1066.128224,1,1444,1090.545,1046.9232,1021.5,
2025-02-03,1546146.128224,1066.128224,1,1444,1090.545,1046.9232,1021.5,
2025-02-04,1582246.128224,1066.128224,1,1444,1090.545,1046.9232,1021.5,
2025-02-05,1603906.128224,1066.128224,1,1444,1090.545,1046.9232,1021.5,
2025-02-06,1611126.128224,1066.128224,1,1444,1090.545,1046.9232,1021.5,
2025-02-07,1625566.128224,1066.128224,1,1444,1090.545,1046.9232,1021.5,
2025-02-10,1596686.128224,1066.128224,1,1444,1090.545,1046.9232,1021.5,
2025-02-11,1603906.128224,1066.128224,1,1444,1090.545,1046.9232,1021.5,
2025-02-12,1589466.128224,1066.128224,1,1444,1090.545,1046.9232,1021.5,
2025-02-13,1575026.128224,1066.128224,1,1444,1090.545,1046.9232,1021.5,
2025-02-14,1524171.112765,1524171.112765,0,0,0.0,0.0,0.0,trend_break
2025-02-17,1524171.112765,1524171.112765,0,0,0.0,0.0,0.0,
2025-02-18,1521243.644622,1043.644622,1,1382,1100.55,1056.528,972.0,
2025-02-19,1507423.644622,1043.644622,1,1382,1100.55,1056.528,976.5,
2025-02-20,1486256.088911,1486256.088911,0,0,0.0,0.0,0.0,trend_break
2025-02-21,1486256.088911,1486256.088911,0,0,0.0,0.0,0.0,
2025-02-24,1486256.088911,1486256.088911,0,0,0.0,0.0,0.0,
2025-02-25,1486256.088911,1486256.088911,0,0,0.0,0.0,0.0,
2025-02-26,1486256.088911,1486256.088911,0,0,0.0,0.0,0.0,
2025-02-27,1486256.088911,1486256.088911,0,0,0.0,0.0,0.0,
2025-03-03,1486256.088911,1486256.088911,0,0,0.0,0.0,0.0,
2025-03-04,1486256.088911,1486256.088911,0,0,0.0,0.0,0.0,
2025-03-05,1486256.088911,1486256.088911,0,0,0.0,0.0,0.0,
2025-03-06,1486256.088911,1486256.088911,0,0,0.0,0.0,0.0,
2025-03-07,1486256.088911,1486256.088911,0,0,0.0,0.0,0.0,
2025-03-10,1486256.088911,1486256.088911,0,0,0.0,0.0,0.0,
2025-03-11,1486256.088911,1486256.088911,0,0,0.0,0.0,0.0,
2025-03-12,1486256.088911,1486256.088911,0,0,0.0,0.0,0.0,
2025-03-13,1486256.088911,1486256.088911,0,0,0.0,0.0,0.0,
2025-03-14,1486256.088911,1486256.088911,0,0,0.0,0.0,0.0,
2025-03-17,1486256.088911,1486256.088911,0,0,0.0,0.0,0.0,
2025-03-18,1486256.088911,1486256.088911,0,0,0.0,0.0,0.0,
2025-03-19,1486256.088911,1486256.088911,0,0,0.0,0.0,0.0,
2025-03-20,1486256.088911,1486256.088911,0,0,0.0,0.0,0.0,
2025-03-21,1486256.088911,1486256.088911,0,0,0.0,0.0,0.0,
2025-03-24,1486256.088911,1486256.088911,0,0,0.0,0.0,0.0,
2025-03-25,1486256.088911,1486256.088911,0,0,0.0,0.0,0.0,
2025-03-26,1486256.088911,1486256.088911,0,0,0.0,0.0,0.0,
2025-03-27,1486256.088911,1486256.088911,0,0,0.0,0.0,0.0,
2025-03-28,1486256.088911,1486256.088911,0,0,0.0,0.0,0.0,
2025-03-31,1486256.088911,1486256.088911,0,0,0.0,0.0,0.0,
2025-04-01,1486256.088911,1486256.088911,0,0,0.0,0.0,0.0,
2025-04-02,1486256.088911,1486256.088911,0,0,0.0,0.0,0.0,
2025-04-07,1486256.088911,1486256.088911,0,0,0.0,0.0,0.0,
2025-04-08,1486256.088911,1486256.088911,0,0,0.0,0.0,0.0,
2025-04-09,1486256.088911,1486256.088911,0,0,0.0,0.0,0.0,
2025-04-10,1486256.088911,1486256.088911,0,0,0.0,0.0,0.0,
2025-04-11,1486256.088911,1486256.088911,0,0,0.0,0.0,0.0,
2025-04-14,1486256.088911,1486256.088911,0,0,0.0,0.0,0.0,
2025-04-15,1486256.088911,1486256.088911,0,0,0.0,0.0,0.0,
2025-04-16,1486256.088911,1486256.088911,0,0,0.0,0.0,0.0,
2025-04-17,1486256.088911,1486256.088911,0,0,0.0,0.0,0.0,
2025-04-18,1486256.088911,1486256.088911,0,0,0.0,0.0,0.0,
2025-04-21,1486256.088911,1486256.088911,0,0,0.0,0.0,0.0,
2025-04-22,1486256.088911,1486256.088911,0,0,0.0,0.0,0.0,
2025-04-23,1486256.088911,1486256.088911,0,0,0.0,0.0,0.0,
2025-04-24,1486256.088911,1486256.088911,0,0,0.0,0.0,0.0,
2025-04-25,1486256.088911,1486256.088911,0,0,0.0,0.0,0.0,
2025-04-28,1486256.088911,1486256.088911,0,0,0.0,0.0,0.0,
2025-04-29,1486256.088911,1486256.088911,0,0,0.0,0.0,0.0,
2025-04-30,1486256.088911,1486256.088911,0,0,0.0,0.0,0.0,
2025-05-02,1486256.088911,1486256.088911,0,0,0.0,0.0,0.0,
2025-05-05,1486256.088911,1486256.088911,0,0,0.0,0.0,0.0,
2025-05-06,1486256.088911,1486256.088911,0,0,0.0,0.0,0.0,
2025-05-07,1486256.088911,1486256.088911,0,0,0.0,0.0,0.0,
2025-05-08,1486256.088911,1486256.088911,0,0,0.0,0.0,0.0,
2025-05-09,1486256.088911,1486256.088911,0,0,0.0,0.0,0.0,
2025-05-12,1486256.088911,1486256.088911,0,0,0.0,0.0,0.0,
2025-05-13,1486256.088911,1486256.088911,0,0,0.0,0.0,0.0,
2025-05-14,1486256.088911,1486256.088911,0,0,0.0,0.0,0.0,
2025-05-15,1486256.088911,1486256.088911,0,0,0.0,0.0,0.0,
2025-05-16,1486256.088911,1486256.088911,0,0,0.0,0.0,0.0,
2025-05-19,1486256.088911,1486256.088911,0,0,0.0,0.0,0.0,
2025-05-20,1486256.088911,1486256.088911,0,0,0.0,0.0,0.0,
2025-05-21,1486256.088911,1486256.088911,0,0,0.0,0.0,0.0,
2025-05-22,1486256.088911,1486256.088911,0,0,0.0,0.0,0.0,
2025-05-23,1486256.088911,1486256.088911,0,0,0.0,0.0,0.0,
2025-05-26,1486256.088911,1486256.088911,0,0,0.0,0.0,0.0,
2025-05-27,1486256.088911,1486256.088911,0,0,0.0,0.0,0.0,
2025-05-28,1486256.088911,1486256.088911,0,0,0.0,0.0,0.0,
2025-05-29,1486256.088911,1486256.088911,0,0,0.0,0.0,0.0,
2025-06-02,1486256.088911,1486256.088911,0,0,0.0,0.0,0.0,
2025-06-03,1486256.088911,1486256.088911,0,0,0.0,0.0,0.0,
2025-06-04,1486256.088911,1486256.088911,0,0,0.0,0.0,0.0,
2025-06-05,1486256.088911,1486256.088911,0,0,0.0,0.0,0.0,
2025-06-06,1486256.088911,1486256.088911,0,0,0.0,0.0,0.0,
2025-06-09,1486256.088911,1486256.088911,0,0,0.0,0.0,0.0,
2025-06-10,1486256.088911,1486256.088911,0,0,0.0,0.0,0.0,
2025-06-11,1486256.088911,1486256.088911,0,0,0.0,0.0,0.0,
2025-06-12,1486256.088911,1486256.088911,0,0,0.0,0.0,0.0,
2025-06-13,1486256.088911,1486256.088911,0,0,0.0,0.0,0.0,
2025-06-16,1486256.088911,1486256.088911,0,0,0.0,0.0,0.0,
2025-06-17,1486256.088911,1486256.088911,0,0,0.0,0.0,0.0,
2025-06-18,1486256.088911,1486256.088911,0,0,0.0,0.0,0.0,
2025-06-19,1486256.088911,1486256.088911,0,0,0.0,0.0,0.0,
2025-06-20,1486256.088911,1486256.088911,0,0,0.0,0.0,0.0,
2025-06-23,1486256.088911,1486256.088911,0,0,0.0,0.0,0.0,
2025-06-24,1486256.088911,1486256.088911,0,0,0.0,0.0,0.0,
2025-06-25,1486256.088911,1486256.088911,0,0,0.0,0.0,0.0,
2025-06-26,1486256.088911,1486256.088911,0,0,0.0,0.0,0.0,
2025-06-27,1486256.088911,1486256.088911,0,0,0.0,0.0,0.0,
2025-06-30,1486256.088911,1486256.088911,0,0,0.0,0.0,0.0,
2025-07-01,1486256.088911,1486256.088911,0,0,0.0,0.0,0.0,
2025-07-02,1486256.088911,1486256.088911,0,0,0.0,0.0,0.0,
2025-07-03,1486256.088911,1486256.088911,0,0,0.0,0.0,0.0,
2025-07-04,1486256.088911,1486256.088911,0,0,0.0,0.0,0.0,
2025-07-07,1486256.088911,1486256.088911,0,0,0.0,0.0,0.0,
2025-07-08,1486256.088911,1486256.088911,0,0,0.0,0.0,0.0,
2025-07-09,1486256.088911,1486256.088911,0,0,0.0,0.0,0.0,
2025-07-10,1486256.088911,1486256.088911,0,0,0.0,0.0,0.0,
2025-07-11,1486256.088911,1486256.088911,0,0,0.0,0.0,0.0,
2025-07-14,1486256.088911,1486256.088911,0,0,0.0,0.0,0.0,
2025-07-15,1486256.088911,1486256.088911,0,0,0.0,0.0,0.0,
2025-07-16,1486256.088911,1486256.088911,0,0,0.0,0.0,0.0,
2025-07-17,1486256.088911,1486256.088911,0,0,0.0,0.0,0.0,
2025-07-18,1486256.088911,1486256.088911,0,0,0.0,0.0,0.0,
2025-07-21,1486256.088911,1486256.088911,0,0,0.0,0.0,0.0,
2025-07-22,1486256.088911,1486256.088911,0,0,0.0,0.0,0.0,
2025-07-23,1486256.088911,1486256.088911,0,0,0.0,0.0,0.0,
2025-07-24,1486256.088911,1486256.088911,0,0,0.0,0.0,0.0,
2025-07-25,1486256.088911,1486256.088911,0,0,0.0,0.0,0.0,
2025-07-28,1486256.088911,1486256.088911,0,0,0.0,0.0,0.0,
2025-07-29,1486256.088911,1486256.088911,0,0,0.0,0.0,0.0,
2025-07-30,1486256.088911,1486256.088911,0,0,0.0,0.0,0.0,
2025-07-31,1486256.088911,1486256.088911,0,0,0.0,0.0,0.0,
2025-08-04,1486256.088911,1486256.088911,0,0,0.0,0.0,0.0,
2025-08-05,1486256.088911,1486256.088911,0,0,0.0,0.0,0.0,
2025-08-06,1486256.088911,1486256.088911,0,0,0.0,0.0,0.0,
2025-08-07,1486256.088911,1486256.088911,0,0,0.0,0.0,0.0,
2025-08-08,1486256.088911,1486256.088911,0,0,0.0,0.0,0.0,
2025-08-11,1486256.088911,1486256.088911,0,0,0.0,0.0,0.0,
2025-08-12,1486256.088911,1486256.088911,0,0,0.0,0.0,0.0,
2025-08-13,1486256.088911,1486256.088911,0,0,0.0,0.0,0.0,
2025-08-14,1486256.088911,1486256.088911,0,0,0.0,0.0,0.0,
2025-08-15,1486256.088911,1486256.088911,0,0,0.0,0.0,0.0,
2025-08-18,1486256.088911,1486256.088911,0,0,0.0,0.0,0.0,
2025-08-19,1486256.088911,1486256.088911,0,0,0.0,0.0,0.0,
2025-08-20,1486256.088911,1486256.088911,0,0,0.0,0.0,0.0,
2025-08-21,1483401.508987,1051.508987,1,1289,1150.575,1104.552,1026.0,
2025-08-22,1464066.508987,1051.508987,1,1289,1150.575,1104.552,1026.0,
2025-08-25,1509181.508987,1051.508987,1,1289,1150.575,1104.552,1044.0,
2025-08-26,1515626.508987,1051.508987,1,1289,1150.575,1104.552,1044.0,
2025-08-27,1534961.508987,1051.508987,1,1289,1150.575,1104.552,1062.0,
2025-08-28,1496291.508987,1051.508987,1,1289,1150.575,1104.552,1062.0,
2025-08-29,1496291.508987,1051.508987,1,1289,1150.575,1104.552,1062.0,
2025-09-01,1502736.508987,1051.508987,1,1289,1150.575,1104.552,1062.0,
2025-09-02,1496291.508987,1051.508987,1,1289,1150.575,1104.552,1062.0,
2025-09-03,1496291.508987,1051.508987,1,1289,1150.575,1104.552,1062.0,
2025-09-04,1496291.508987,1051.508987,1,1289,1150.575,1104.552,1062.0,
2025-09-05,1522071.508987,1051.508987,1,1289,1150.575,1104.552,1062.0,
2025-09-08,1522071.508987,1051.508987,1,1289,1150.575,1104.552,1062.0,
2025-09-09,1547851.508987,1051.508987,1,1289,1150.575,1104.552,1071.0,
2025-09-10,1580076.508987,1051.508987,1,1289,1150.575,1104.552,1093.5,
2025-09-11,1599411.508987,1051.508987,1,1289,1150.575,1104.552,1111.5,
2025-09-12,1625191.508987,1051.508987,1,1289,1150.575,1104.552,1125.0,
2025-09-15,1618746.508987,1051.508987,1,1289,1150.575,1104.552,1125.0,
2025-09-16,1650971.508987,1051.508987,1,1289,1150.575,1104.552,1134.0,
2025-09-17,1631636.508987,1051.508987,1,1289,1150.575,1104.552,1138.5,
2025-09-18,1657416.508987,1051.508987,1,1289,1150.575,1104.552,1138.5,
2025-09-19,1631636.508987,1051.508987,1,1289,1150.575,1104.552,1138.5,
2025-09-22,1670306.508987,1051.508987,1,1289,1150.575,1104.552,1143.0,
2025-09-23,1728311.508987,1051.508987,1,1289,1150.575,1104.552,1183.5,
2025-09-24,1728311.508987,1051.508987,1,1289,1150.575,1104.552,1192.5,
2025-09-25,1702531.508987,1051.508987,1,1289,1150.575,1104.552,1192.5,
2025-09-26,1676751.508987,1051.508987,1,1289,1150.575,1104.552,1192.5,
2025-09-30,1683196.508987,1051.508987,1,1289,1150.575,1104.552,1192.5,
2025-10-01,1708976.508987,1051.508987,1,1289,1150.575,1104.552,1192.5,
2025-10-02,1760536.508987,1051.508987,1,1289,1150.575,1104.552,1219.5,
2025-10-03,1805651.508987,1051.508987,1,1289,1150.575,1104.552,1228.5,
2025-10-07,1850766.508987,1051.508987,1,1289,1150.575,1104.552,1278.0,
2025-10-08,1824986.508987,1051.508987,1,1289,1150.575,1104.552,1278.0,
2025-10-09,1857211.508987,1051.508987,1,1289,1150.575,1104.552,1287.0,
2025-10-13,1824986.508987,1051.508987,1,1289,1150.575,1104.552,1287.0,
2025-10-14,1837876.508987,1051.508987,1,1289,1150.575,1104.552,1287.0,
2025-10-15,1889436.508987,1051.508987,1,1289,1150.575,1104.552,1287.0,
2025-10-16,1915216.508987,1051.508987,1,1289,1150.575,1104.552,1318.5,
2025-10-17,1870101.508987,1051.508987,1,1289,1150.575,1104.552,1318.5,
2025-10-20,1908771.508987,1051.508987,1,1289,1150.575,1104.552,1318.5,
2025-10-21,1908771.508987,1051.508987,1,1289,1150.575,1104.552,1332.0,
2025-10-22,1882991.508987,1051.508987,1,1289,1150.575,1104.552,1332.0,
2025-10-23,1870101.508987,1051.508987,1,1289,1150.575,1104.552,1332.0,
2025-10-27,1908771.508987,1051.508987,1,1289,1150.575,1104.552,1332.0,
2025-10-28,1902326.508987,1051.508987,1,1289,1150.575,1104.552,1332.0,
2025-10-29,1940996.508987,1051.508987,1,1289,1150.575,1104.552,1341.0,
2025-10-30,1940996.508987,1051.508987,1,1289,1150.575,1104.552,1350.0,
2025-10-31,1934551.508987,1051.508987,1,1289,1150.575,1104.552,1350.0,
2025-11-03,1947441.508987,1051.508987,1,1289,1150.575,1104.552,1350.0,
2025-11-04,1940996.508987,1051.508987,1,1289,1150.575,1104.552,1350.0,
2025-11-05,1882991.508987,1051.508987,1,1289,1150.575,1104.552,1350.0,
2025-11-06,1889436.508987,1051.508987,1,1289,1150.575,1104.552,1350.0,
2025-11-07,1882991.508987,1051.508987,1,1289,1150.575,1104.552,1350.0,
2025-11-10,1902326.508987,1051.508987,1,1289,1150.575,1104.552,1350.0,
2025-11-11,1889436.508987,1051.508987,1,1289,1150.575,1104.552,1350.0,
2025-11-12,1902326.508987,1051.508987,1,1289,1150.575,1104.552,1350.0,
2025-11-13,1882991.508987,1051.508987,1,1289,1150.575,1104.552,1350.0,
2025-11-14,1844321.508987,1051.508987,1,1289,1150.575,1104.552,1350.0,
2025-11-17,1863656.508987,1051.508987,1,1289,1150.575,1104.552,1350.0,
2025-11-18,1812096.508987,1051.508987,1,1289,1150.575,1104.552,1350.0,
2025-11-19,1799206.508987,1051.508987,1,1289,1150.575,1104.552,1350.0,
2025-11-20,1876546.508987,1051.508987,1,1289,1150.575,1104.552,1350.0,
2025-11-21,1777528.028761,1777528.028761,0,0,0.0,0.0,0.0,trend_break
2025-11-24,1777528.028761,1777528.028761,0,0,0.0,0.0,0.0,
2025-11-25,1777528.028761,1777528.028761,0,0,0.0,0.0,0.0,
2025-11-26,1774111.660729,31.660729,1,1232,1440.72,1383.0912,1282.5,
2025-11-27,1767951.660729,31.660729,1,1232,1440.72,1383.0912,1287.0,
2025-11-28,1774111.660729,31.660729,1,1232,1440.72,1383.0912,1291.5,
2025-12-01,1728600.188107,1728600.188107,0,0,0.0,0.0,0.0,trend_break
2025-12-02,1728600.188107,1728600.188107,0,0,0.0,0.0,0.0,
2025-12-03,1728600.188107,1728600.188107,0,0,0.0,0.0,0.0,
2025-12-04,1728600.188107,1728600.188107,0,0,0.0,0.0,0.0,
2025-12-05,1728600.188107,1728600.188107,0,0,0.0,0.0,0.0,
2025-12-08,1728600.188107,1728600.188107,0,0,0.0,0.0,0.0,
2025-12-09,1728600.188107,1728600.188107,0,0,0.0,0.0,0.0,
2025-12-10,1728600.188107,1728600.188107,0,0,0.0,0.0,0.0,
2025-12-11,1728600.188107,1728600.188107,0,0,0.0,0.0,0.0,
2025-12-12,1728600.188107,1728600.188107,0,0,0.0,0.0,0.0,
2025-12-15,1728600.188107,1728600.188107,0,0,0.0,0.0,0.0,
2025-12-16,1728600.188107,1728600.188107,0,0,0.0,0.0,0.0,
2025-12-17,1728600.188107,1728600.188107,0,0,0.0,0.0,0.0,
2025-12-18,1728600.188107,1728600.188107,0,0,0.0,0.0,0.0,
2025-12-19,1728600.188107,1728600.188107,0,0,0.0,0.0,0.0,
2025-12-22,1725279.672414,974.672414,1,1177,1465.7325,1407.1032,1309.5,
2025-12-23,1754704.672414,974.672414,1,1177,1465.7325,1407.1032,1323.0,
2025-12-24,1760589.672414,974.672414,1,1177,1465.7325,1407.1032,1336.5,
2025-12-26,1778244.672414,974.672414,1,1177,1465.7325,1407.1032,1345.5,
2025-12-29,1801784.672414,974.672414,1,1177,1465.7325,1407.1032,1359.0,
2025-12-30,1790014.672414,974.672414,1,1177,1465.7325,1407.1032,1359.0,
2025-12-31,1825324.672414,974.672414,1,1177,1465.7325,1407.1032,1363.5,
2026-01-02,1866519.672414,974.672414,1,1177,1465.7325,1407.1032,1390.5,
2026-01-05,1966564.672414,974.672414,1,1177,1465.7325,1407.1032,1462.5,
2026-01-06,2007759.672414,974.672414,1,1177,1465.7325,1407.1032,1480.5,
2026-01-07,1972449.672414,974.672414,1,1177,1465.7325,1407.1032,1498.5,
2026-01-08,1984219.672414,974.672414,1,1177,1465.7325,1407.1032,1498.5,
2026-01-09,1978334.672414,974.672414,1,1177,1465.7325,1407.1032,1498.5,
2026-01-12,1990104.672414,974.672414,1,1177,1465.7325,1407.1032,1521.0,
2026-01-13,2013644.672414,974.672414,1,1177,1465.7325,1407.1032,1530.0,
2026-01-14,2013644.672414,974.672414,1,1177,1465.7325,1407.1032,1530.0,
2026-01-15,1990104.672414,974.672414,1,1177,1465.7325,1407.1032,1530.0,
2026-01-16,2048954.672414,974.672414,1,1177,1465.7325,1407.1032,1539.0,
2026-01-19,2072494.672414,974.672414,1,1177,1465.7325,1407.1032,1552.5,
2026-01-20,2090149.672414,974.672414,1,1177,1465.7325,1407.1032,1566.0,
2026-01-21,2048954.672414,974.672414,1,1177,1465.7325,1407.1032,1566.0,
2026-01-22,2072494.672414,974.672414,1,1177,1465.7325,1407.1032,1575.0,
2026-01-23,2084264.672414,974.672414,1,1177,1465.7325,1407.1032,1575.0,
2026-01-26,2066609.672414,974.672414,1,1177,1465.7325,1407.1032,1579.5,
2026-01-27,2096034.672414,974.672414,1,1177,1465.7325,1407.1032,1579.5,
2026-01-28,2143114.672414,974.672414,1,1177,1465.7325,1407.1032,1611.0,
2026-01-29,2125459.672414,974.672414,1,1177,1465.7325,1407.1032,1620.0,
2026-01-30,2090149.672414,974.672414,1,1177,1465.7325,1407.1032,1620.0,
2026-02-02,2078379.672414,974.672414,1,1177,1465.7325,1407.1032,1620.0,
2026-02-03,2119574.672414,974.672414,1,1177,1465.7325,1407.1032,1620.0,
2026-02-04,2101919.672414,974.672414,1,1177,1465.7325,1407.1032,1620.0,
2026-02-05,2078379.672414,974.672414,1,1177,1465.7325,1407.1032,1620.0,
2026-02-06,2096034.672414,974.672414,1,1177,1465.7325,1407.1032,1620.0,
2026-02-09,2137229.672414,974.672414,1,1177,1465.7325,1407.1032,1633.5,
2026-02-10,2213734.672414,974.672414,1,1177,1465.7325,1407.1032,1656.0,
