date,open,high,low,close,volume,sma_fast,sma_slow,rsi,gate_trend_ok,trend_break,buy_signal,sell_signal
2023-01-30,30.2,30.25,30.0,30.175,173329284.0,,,,False,False,False,False
2023-01-31,30.15,30.15,29.575,29.575,86450304.0,,,,False,False,False,False
2023-02-01,29.775,29.8625,29.6125,29.75,26163640.0,,,,False,False,False,False
2023-02-02,30.075,30.275,30.0625,30.25,62178044.0,,,,False,False,False,False
2023-02-03,30.2375,30.3,30.05,30.25,38029112.0,,,,False,False,False,False
2023-02-06,30.025,30.025,29.8125,29.8125,53519476.0,,,,False,False,False,False
2023-02-07,29.775,29.8125,29.6375,29.75,33203448.0,,,,False,False,False,False
2023-02-08,30.025,30.2375,30.0,30.2125,35659720.0,,,,False,False,False,False
2023-02-09,30.125,30.25,30.075,30.225,19396980.0,,,,False,False,False,False
2023-02-10,30.225,30.275,30.15,30.25,24871900.0,,,,False,False,False,False
2023-02-13,30.175,30.225,29.975,30.1875,15322364.0,,,,False,False,False,False
2023-02-14,30.3125,30.45,30.3125,30.4125,30469028.0,,,,False,False,False,False
2023-02-15,29.9875,30.0625,29.7,29.7125,49084992.0,,,,False,False,False,False
2023-02-16,29.825,30.125,29.825,30.075,44040076.0,,,,False,False,False,False
2023-02-17,29.825,29.825,29.6,29.6875,31532096.0,,,19.786571833269335,False,False,False,False
2023-02-20,29.6375,29.8375,29.525,29.75,23364440.0,,,20.737122745036032,False,False,False,False
2023-02-21,29.75,29.775,29.6375,29.7375,17772152.0,,,20.684328763508873,False,False,False,False
2023-02-22,29.375,29.4375,29.275,29.4125,43550488.0,,,19.307973218400434,False,False,False,False
2023-02-23,29.4875,29.95,29.4875,29.85,24790780.0,,,26.40709358255893,False,False,False,False
2023-02-24,29.975,30.025,29.7,29.7,21990924.0,,,25.576269641693614,False,False,False,False
2023-03-01,29.325,29.8625,29.2125,29.8375,29869272.0,,,27.818150486822333,False,False,False,False
2023-03-02,29.8375,29.8375,29.575,29.8125,13924924.0,,,27.655034215305633,False,False,False,False
2023-03-03,29.95,30.025,29.8,29.8375,12403748.0,,,28.10900531867513,False,False,False,False
2023-03-06,30.0375,30.225,29.975,30.125,37364848.0,,,33.29310278595105,False,False,False,False
2023-03-07,30.1375,30.35,30.05,30.325,29874380.0,,,36.712080834830616,False,False,False,False
2023-03-08,30.125,30.15,29.95,30.075,24727856.0,,,34.342598777289524,False,False,False,False
2023-03-09,30.1875,30.2,30.05,30.05,13108684.0,,,34.10554108578029,False,False,False,False
2023-03-10,29.7125,29.7375,29.5,29.575,52548684.0,,,29.88462268784123,False,False,False,False
2023-03-13,29.4875,29.775,29.35,29.7,74943036.0,,,32.26050568263305,False,False,False,False
2023-03-14,29.3875,29.4875,29.2875,29.375,44186128.0,,,29.464906691144236,False,False,False,False
2023-03-15,29.6,29.675,29.3625,29.4,48857440.0,,,29.9676470531807,False,False,False,False
2023-03-16,29.3,29.35,29.125,29.2625,62425580.0,,,28.753753978515647,False,False,False,False
2023-03-17,29.4625,29.7375,29.45,29.7375,43399212.0,,,38.084246068683534,False,False,False,False
2023-03-20,29.7375,29.7625,29.4625,29.525,28429916.0,,,35.82394651739068,False,False,False,False
2023-03-21,29.625,29.6875,29.55,29.6625,14367480.0,,,38.372668396417126,False,False,False,False
2023-03-22,29.8625,30.225,29.8625,30.225,56968508.0,,,47.54969463636292,False,False,False,False
2023-03-23,30.1625,30.575,30.1125,30.4625,62131916.0,,,50.87589948073414,False,False,False,False
2023-03-24,30.5,30.575,30.3875,30.55,53829576.0,,,52.08158091821443,False,False,False,False
2023-03-27,30.4375,30.475,30.3,30.3625,42578380.0,,,49.28985118141969,False,False,False,False
2023-03-28,30.2375,30.2875,30.05,30.1,38965956.0,,,45.604258540106805,False,False,False,False
2023-03-29,30.1625,30.2625,30.0375,30.15,12297708.0,,,46.42598896647281,False,False,False,False
2023-03-30,30.35,30.425,30.1875,30.3,45522456.0,,,48.91903062453888,False,False,False,False
2023-03-31,30.425,30.5875,30.35,30.4,59806560.0,,,50.57044292803347,False,False,False,False
2023-04-06,30.2125,30.25,30.05,30.25,30005676.0,,,48.06051776170928,False,False,False,False
2023-04-07,30.3125,30.3625,30.2,30.25,17655436.0,,,48.06051776170928,False,False,False,False
2023-04-10,30.3125,30.4125,30.225,30.25,15124112.0,,,48.06051776170928,False,False,False,False
2023-04-11,30.25,30.2875,30.1,30.2125,23765992.0,,,47.32707248593992,False,False,False,False
2023-04-12,30.2125,30.2125,30.0375,30.1375,11568680.0,,,45.82095756781007,False,False,False,False
2023-04-13,30.0125,30.0375,29.875,29.875,26200016.0,,,40.913386217503906,False,False,False,False
2023-04-14,30.0,30.225,29.9625,30.1625,12363216.0,29.975250000000003,,47.54043776125657,False,False,False,False
2023-04-17,30.0875,30.125,29.95,30.0875,22756672.0,29.973499999999998,,46.08822798791143,False,False,False,False
2023-04-18,30.0875,30.1,29.9375,29.9875,19338552.0,29.98175,,44.15164339623067,False,False,False,False
2023-04-19,30.0,30.0125,29.7,29.7625,31139140.0,29.982,,40.07172308546431,False,True,False,False
2023-04-20,29.7125,29.85,29.6,29.725,25631852.0,29.971500000000002,,39.417942245201885,False,True,False,False
2023-04-21,29.8625,29.8875,29.625,29.65,19224952.0,29.9595,,38.07979634583466,False,True,False,False
2023-04-24,29.45,29.625,29.425,29.5375,26235392.0,29.954,,36.10012037703071,False,True,False,False
2023-04-25,29.575,29.575,29.1375,29.15,74111004.0,29.941999999999997,,30.263938612466916,False,True,False,False
2023-04-26,29.1375,29.15,28.9125,29.025,51812420.0,29.918249999999997,,28.654634847689493,False,True,False,False
2023-04-27,29.0125,29.1625,28.875,29.0,37843400.0,29.89375,,28.330163509416735,False,True,False,False
2023-04-28,29.2125,29.3875,29.2125,29.35,22563740.0,29.875749999999996,,38.78160348253068,False,True,False,False
2023-05-02,29.3625,29.5,29.275,29.425,20658196.0,29.860500000000002,,40.77468471936515,False,True,False,False
2023-05-03,29.3375,29.3375,29.2,29.3,16713728.0,29.838250000000002,,38.52354364037678,False,True,False,False
2023-05-04,29.25,29.375,29.175,29.375,14828800.0,29.831500000000002,,40.6410948278987,False,True,False,False
2023-05-05,29.425,29.5125,29.35,29.45,8875004.0,29.819000000000003,,42.76422839590054,False,True,False,False
2023-05-08,29.625,29.725,29.5875,29.6375,24044836.0,29.817999999999998,,47.79176391012905,False,True,False,False
2023-05-09,29.65,29.75,29.575,29.725,18544840.0,29.8175,,49.99904366679111,False,True,False,False
2023-05-10,29.7,29.7,29.4125,29.45,16300476.0,29.811750000000004,,43.740019146530905,False,True,False,False
2023-05-11,29.5625,29.6125,29.3875,29.3875,14739856.0,29.81125,,42.43970200423565,False,True,False,False
2023-05-12,29.2875,29.375,29.1875,29.3,15253396.0,29.800250000000002,,40.6191067478259,False,True,False,False
2023-05-15,29.2375,29.3375,29.1625,29.3,16478796.0,29.79225,,40.6191067478259,False,True,False,False
2023-05-16,29.475,29.75,29.4625,29.65,31605876.0,29.7885,,50.47497979071023,False,True,False,False
2023-05-17,29.6625,30.175,29.6625,30.1375,104119624.0,29.795,,60.347175587882184,False,False,False,False
2023-05-18,30.45,30.6,30.4,30.5375,87894220.0,29.809,,66.28563901346996,False,False,False,False
2023-05-19,30.65,30.7125,30.55,30.625,136498504.0,29.819000000000003,,67.43455870226512,False,False,False,False
2023-05-22,30.625,30.6625,30.525,30.575,71936104.0,29.823999999999998,,66.04942900233544,False,False,False,False
2023-05-23,30.575,30.6625,30.45,30.55,49062812.0,29.833500000000004,,65.3269010286362,False,False,False,False
2023-05-24,30.4125,30.45,30.275,30.4,43519312.0,29.8405,,61.0141712363668,False,False,False,False
2023-05-25,30.75,30.85,30.6125,30.7625,45771436.0,29.864250000000002,,66.73039557361827,False,False,False,False
2023-05-26,31.25,31.5125,31.25,31.4875,95122080.0,29.9,,74.71537343771224,False,False,False,False
2023-05-29,31.8625,31.8875,31.625,31.6875,57995472.0,29.94625,,76.39823081402331,False,False,False,False
2023-05-30,31.6875,31.7625,31.6125,31.6875,48495216.0,29.991999999999997,,76.39823081402331,False,False,False,False
2023-05-31,31.675,31.675,31.2875,31.5375,35461188.0,30.0375,,72.21739406230718,False,False,False,False
2023-06-01,31.3375,31.4,31.225,31.2875,15517372.0,30.0685,,65.75840414614115,False,False,False,False
2023-06-02,31.45,31.75,31.45,31.6875,31771276.0,30.11175,,70.33070397267474,False,False,False,False
2023-06-05,31.6875,31.7,31.5625,31.5875,25440488.0,30.15025,,67.89002117370842,False,False,False,False
2023-06-06,31.5875,31.8125,31.5375,31.675,26369656.0,30.179250000000003,,68.90679555407674,False,False,False,False
2023-06-07,31.75,32.0625,31.75,32.025,48306172.0,30.210499999999996,,72.63896816708382,False,False,False,False
2023-06-08,31.975,32.05,31.6375,31.7125,20562940.0,30.23375,,65.12280812233904,False,False,False,False
2023-06-09,31.875,32.05,31.85,31.95,22207812.0,30.265500000000003,,67.84589243721817,False,False,False,False
2023-06-12,32.125,32.325,32.125,32.25,54885148.0,30.3085,,70.93306651503522,False,False,False,False
2023-06-13,32.55,32.9875,32.55,32.8875,93752808.0,30.363250000000004,,76.16916232722173,False,False,False,False
2023-06-14,32.85,32.9,32.75,32.875,26707972.0,30.414750000000005,,75.88052453123782,False,False,False,False
2023-06-15,32.8875,33.0,32.875,32.975,44164476.0,30.46625,,76.64306779807403,False,False,False,False
2023-06-16,32.95,32.95,32.775,32.8875,28808864.0,30.519000000000002,,74.42582612690367,False,False,False,False
2023-06-19,32.7375,32.875,32.6375,32.8125,23915984.0,30.57025,,72.49004428809158,False,False,False,False
2023-06-20,32.775,32.8125,32.5875,32.6375,26115876.0,30.618000000000002,,68.04294026967517,False,False,False,False
2023-06-21,32.6375,32.7625,32.5625,32.6375,106262060.0,30.666499999999996,,68.04294026967517,False,False,False,False
2023-06-26,32.5875,32.5875,32.35,32.4375,29573612.0,30.7125,,62.926217756393925,False,False,False,False
2023-06-27,32.2875,32.3875,32.175,32.225,26296196.0,30.759500000000003,,57.94074348893163,False,False,False,True
2023-06-28,32.3375,32.425,32.2,32.275,22783412.0,30.80175,,58.768494642404114,False,False,False,False
2023-06-29,32.4375,32.625,32.225,32.2625,22786068.0,30.84525,,58.4587438866325,False,False,False,False
2023-06-30,32.2,32.275,32.075,32.275,28116752.0,30.891,,58.69320670067481,False,False,False,False
2023-07-03,32.4,32.675,32.4,32.675,26491300.0,30.949250000000003,,65.41929874676288,False,False,False,False
2023-07-04,32.6875,32.7875,32.6375,32.75,22718680.0,31.00975,,66.52010617705247,False,False,False,False
2023-07-05,32.75,32.8,32.6,32.7,20003768.0,31.070750000000004,,65.03379388027363,False,False,False,False
2023-07-06,32.425,32.425,31.925,31.975,65609104.0,31.1195,,48.212210666837784,False,False,False,True
2023-07-07,31.8875,32.075,31.775,31.925,32081608.0,31.175,,47.303475141122306,False,False,False,False
2023-07-10,32.025,32.125,31.75,31.8625,31486556.0,31.23175,,46.13293518043824,False,False,False,False
2023-07-11,32.0,32.3,32.0,32.3,18161736.0,31.29775,,54.60162503554962,False,False,False,False
2023-07-12,32.325,32.3625,32.2125,32.3625,13757804.0,31.358,,55.67373829207598,False,False,False,False
2023-07-13,32.825,32.975,32.7125,32.725,62665236.0,31.423999999999996,,61.37168976371114,False,False,False,False
2023-07-14,32.8625,33.125,32.8625,33.0625,58928984.0,31.499249999999996,,65.78194216856113,False,False,False,False
2023-07-17,33.0,33.05,32.9375,33.0,61113608.0,31.571749999999998,,64.3174815779385,False,False,False,False
2023-07-18,32.75,32.75,32.425,32.4625,43350244.0,31.631999999999998,,53.32312694851097,False,False,False,True
2023-07-19,32.5375,32.625,32.1875,32.1875,57198712.0,31.683000000000003,,48.73321182978407,False,False,False,False
2023-07-20,32.2625,32.425,32.25,32.3375,14887776.0,31.73525,,51.200650281949784,False,False,False,False
2023-07-21,31.85,31.85,31.625,31.8,51028788.0,31.782249999999998,,43.18069822920249,False,False,False,False
2023-07-24,31.75,31.9125,31.65,31.8125,38900724.0,31.830750000000002,,43.4027263759355,False,True,False,False
2023-07-25,31.925,32.3,31.925,32.2125,27691160.0,31.888999999999996,,50.11973021873879,False,False,False,False
2023-07-26,32.275,32.3,32.0875,32.125,17586968.0,31.945499999999996,,48.756572831026126,False,False,False,False
2023-07-27,32.2875,32.375,32.25,32.375,16027612.0,32.0,,52.71377770668264,False,False,False,False
2023-07-28,32.35,32.475,32.25,32.375,10722548.0,32.04475,,52.71377770668264,False,False,False,False
2023-07-31,32.575,32.6625,32.0625,32.2,28994208.0,32.077999999999996,,49.603965450347424,False,False,False,False
2023-08-01,32.25,32.3875,32.2125,32.3625,17791060.0,32.11275,,52.4114202560492,False,False,False,False
2023-08-02,32.35,32.3625,31.8625,31.9625,48022884.0,32.1405,,45.66746577805574,False,True,False,False
2023-08-04,31.8125,31.875,31.725,31.8125,26939664.0,32.165749999999996,,43.411613877442356,False,True,False,False
2023-08-07,31.9125,32.175,31.8875,32.125,18407492.0,32.200250000000004,,49.057444506855724,False,True,False,False
2023-08-08,32.025,32.05,31.6,31.75,42070044.0,32.22,,43.45467252551308,False,True,False,False
2023-08-09,31.7,31.9125,31.6625,31.8,14657596.0,32.22625,,44.367006557982045,False,True,False,False
2023-08-10,31.725,31.75,31.575,31.6,43583592.0,32.224500000000006,,41.483771437769036,False,True,False,False
2023-08-11,31.75,31.8375,31.5375,31.575,30991408.0,32.22225,,41.12401371687737,False,True,False,False
2023-08-14,31.4125,31.425,31.025,31.125,90266740.0,32.214,,35.205652396824405,False,True,False,False
2023-08-15,31.3125,31.3625,31.15,31.175,29644352.0,32.21175,,36.30256021306419,False,True,False,False
2023-08-16,31.0375,31.1,30.9,31.0125,72292252.0,32.19825,,34.271891276178266,False,True,False,False
2023-08-17,30.9,31.1625,30.725,31.15,38535436.0,32.189499999999995,,37.45972509186137,False,True,False,False
2023-08-18,31.05,31.2,30.925,30.9625,30402880.0,32.17525,,34.96907917228286,False,True,False,False
2023-08-21,31.05,31.1125,30.75,30.75,40236924.0,32.149750000000004,,32.344329426654426,False,True,False,False
2023-08-22,31.0,31.0875,30.925,31.0,14564580.0,32.1355,,38.219504971610164,False,True,False,False
2023-08-23,31.0,31.2875,31.0,31.2125,27136280.0,32.12075,,42.76888736739828,False,True,False,False
2023-08-24,31.6,31.775,31.5625,31.75,26694756.0,32.110749999999996,,52.33077008545376,False,True,False,False
2023-08-25,31.375,31.375,31.125,31.1375,28754872.0,32.07575,,43.42683968333977,False,True,False,False
2023-08-28,31.2125,31.425,31.1875,31.3375,17258996.0,32.045,,46.62063181038684,False,True,False,False
2023-08-29,31.5,31.5125,31.175,31.5125,25960364.0,32.01575,,49.31683530306692,False,True,False,False
2023-08-30,31.6875,31.7625,31.525,31.65,22997780.0,31.991,,51.394217979362764,False,True,False,False
2023-08-31,31.6375,31.6375,31.375,31.425,17424156.0,31.96325,,47.93208604062768,False,True,False,False
2023-09-01,31.375,31.575,31.275,31.475,12327708.0,31.94,,48.75817367635249,False,True,False,False
2023-09-04,31.475,31.7,31.4,31.6875,13690652.0,31.921000000000003,,52.22721979337241,False,True,False,False
2023-09-05,31.6375,31.65,31.5125,31.6125,14489636.0,31.904500000000002,,50.91702606791555,False,True,False,False
2023-09-06,31.65,31.675,31.4625,31.5,29338084.0,31.89,,48.934013847724934,False,True,False,False
2023-09-07,31.325,31.375,31.175,31.2125,22600776.0,31.86875,,44.1967979634225,False,True,False,False
2023-09-08,31.025,31.125,30.9625,31.075,22110532.0,31.845,,42.097757406622364,False,True,False,False
2023-09-11,31.1125,31.125,30.85,30.95,33026528.0,31.8185,,40.227320234565596,False,True,False,False
2023-09-12,31.025,31.2625,30.9625,31.2625,10398692.0,31.79025,,46.61348904625733,False,True,False,False
2023-09-13,31.3,31.4,31.175,31.3,12823132.0,31.76125,,47.34056501737766,False,True,False,False
2023-09-14,31.475,31.7375,31.3875,31.7375,28711600.0,31.741999999999997,,55.034660977905695,False,True,False,False
2023-09-15,31.75,31.8375,31.6875,31.8375,22933528.0,31.739250000000002,,56.59572438007553,False,False,False,False
2023-09-18,31.65,31.65,31.4625,31.5,28383636.0,31.730750000000004,,50.25446154192523,False,True,False,False
2023-09-19,31.4625,31.5125,31.3375,31.3625,16069368.0,31.72075,,47.89974343572366,False,True,False,False
2023-09-20,31.2625,31.3,31.125,31.1875,23793164.0,31.6985,,45.009161680656945,False,True,False,False
2023-09-21,30.95,30.9625,30.6625,30.6875,84682840.0,31.665,,37.96058257987038,False,True,False,False
2023-09-22,30.6125,30.7,30.5125,30.6625,38237532.0,31.62375,,37.64315739215968,False,True,False,False
2023-09-25,30.6875,30.9375,30.6875,30.8875,15972528.0,31.58025,,42.31808987004049,False,True,False,False
2023-09-26,30.6625,30.75,30.5,30.525,40307016.0,31.53075,,37.44707651890712,False,True,False,False
2023-09-27,30.4625,30.575,30.3875,30.5375,26110120.0,31.49225,,37.713317649005255,False,True,False,False
2023-09-28,30.6875,30.7875,30.5125,30.6625,22157308.0,31.461750000000002,,40.443197859515074,False,True,False,False
2023-10-02,30.9,31.125,30.9,31.0625,25845048.0,31.43625,,48.25812940600294,False,True,False,False
2023-10-03,30.9875,31.0375,30.8625,30.875,20273816.0,31.41775,,45.26010393211929,False,True,False,False
2023-10-04,30.525,30.55,30.3375,30.475,44900108.0,31.391,,39.60707727565009,False,True,False,False
2023-10-05,30.6,30.9125,30.6,30.9125,16421960.0,31.365,,47.35251342882761,False,True,False,False
2023-10-06,30.95,31.075,30.95,31.025,19539980.0,31.343000000000004,,49.15819007699628,False,True,False,False
2023-10-11,31.475,31.6,31.4625,31.5625,53988076.0,31.32675,,56.784471047589186,False,False,False,False
2023-10-12,31.625,31.8375,31.575,31.825,57188056.0,31.31575,,59.944489325020044,False,False,False,False
2023-10-13,31.75,31.85,31.625,31.7375,25451284.0,31.3065,,58.41125089192109,False,False,False,False
2023-10-16,31.575,31.575,31.425,31.5625,30968164.0,31.2905,,55.36137624899982,False,False,False,False
2023-10-17,31.675,31.75,31.6,31.6375,27344148.0,31.284000000000002,,56.411794762460495,False,False,False,False
2023-10-18,31.5625,31.5625,31.2,31.2,38264128.0,31.27175,,49.14661070324081,False,True,False,False
2023-10-19,31.1,31.3,31.1,31.2125,31304980.0,31.2535,,49.347333019586515,False,True,False,False
2023-10-20,31.1875,31.3625,30.975,31.35,17549164.0,31.245500000000003,,51.60994081302067,False,False,False,False
2023-10-23,31.2125,31.2125,30.8875,30.9625,32149280.0,31.22875,,45.44852589882862,False,True,False,False
2023-10-24,30.95,30.9875,30.675,30.9875,28788744.0,31.216499999999996,,45.89729101538148,False,True,False,False
2023-10-25,31.05,31.225,31.05,31.05,15920360.0,31.206000000000003,,47.069600989980046,False,True,False,False
2023-10-26,30.4625,30.6,30.4,30.4375,87896488.0,31.192250000000005,,38.308981561754464,False,True,False,False
2023-10-27,30.5375,30.6875,30.525,30.575,16275748.0,31.180249999999997,,40.96531644670723,False,True,False,False
2023-10-30,30.6,30.7125,30.4375,30.5,36553408.0,31.17,,39.95473257556675,False,True,False,False
2023-10-31,30.6,30.6125,30.275,30.2875,43123508.0,31.15275,,37.15776167592439,False,True,False,False
2023-11-01,30.5,30.5375,30.3125,30.4375,17689308.0,31.14225,,40.332962531567816,False,True,False,False
2023-11-02,30.7875,31.125,30.7875,31.125,39232848.0,31.149749999999997,,52.24321058918855,False,True,False,False
2023-11-03,31.25,31.4,31.175,31.3625,34794272.0,31.156999999999996,,55.544527078057634,False,False,False,False
2023-11-06,31.6375,31.8,31.5875,31.6375,63692796.0,31.1655,,59.07246840906653,False,False,False,False
2023-11-07,31.625,31.7,31.525,31.625,26172452.0,31.163,,58.843877264000305,False,False,False,False
2023-11-08,31.6625,31.8625,31.625,31.8,44402716.0,31.17625,,61.112671510395536,False,False,False,False
2023-11-09,31.725,31.85,31.6625,31.8125,24907492.0,31.18575,,61.2768770036697,False,False,False,False
2023-11-10,31.675,31.7125,31.6,31.6875,17006284.0,31.18925,,58.61156782380025,False,False,False,True
2023-11-13,32.3125,32.4,32.125,32.175,101550224.0,31.199749999999998,,65.004653943184,False,False,False,False
2023-11-14,32.3,32.4,32.2375,32.25,80377828.0,31.21625,,65.87790396874752,False,False,False,False
2023-11-15,32.725,32.75,32.5125,32.6375,91164196.0,31.2395,,70.03792333415332,False,False,False,False
2023-11-16,32.7,32.8,32.575,32.65,73317344.0,31.25875,,70.1642860860077,False,False,False,False
2023-11-17,32.65,32.875,32.6375,32.75,108590352.0,31.2815,,71.21034999809333,False,False,False,False
2023-11-20,32.7625,32.7625,32.6125,32.7375,34641500.0,31.30625,,70.87583570830513,False,False,False,False
2023-11-21,32.8625,33.175,32.8625,33.1375,113513384.0,31.344750000000005,30.997625,74.93369139913467,True,False,False,False
2023-11-22,32.8125,32.95,32.7875,32.8375,24548288.0,31.38,31.0109375,67.3539852347377,True,False,False,False
2023-11-23,32.8375,32.8625,32.6875,32.825,24937264.0,31.4175,31.0271875,67.04965490871622,True,False,False,False
2023-11-24,32.825,32.9125,32.7625,32.8,53237608.0,31.448249999999998,31.042437500000002,66.40342494239626,True,False,False,False
2023-11-27,32.8,32.9625,32.525,32.5875,37727104.0,31.474,31.054125,61.01991233659958,True,False,False,False
2023-11-28,32.6,32.95,32.575,32.8125,38275884.0,31.495500000000003,31.066937499999998,64.31849022703403,True,False,False,False
2023-11-29,32.825,33.05,32.7625,32.7875,26470308.0,31.514499999999998,31.0818125,63.6737474041624,True,False,False,False
2023-11-30,32.825,32.875,32.6625,32.8375,43669324.0,31.54125,31.09725,64.44147835719083,True,False,False,False
2023-12-01,32.75,32.95,32.7,32.95,21198560.0,31.573,31.1109375,66.173725381618,True,False,False,False
2023-12-04,32.95,33.0,32.725,32.825,17596136.0,31.605749999999997,31.1239375,62.52880195561377,True,False,False,False
2023-12-05,32.65,32.65,32.475,32.5875,19111864.0,31.64375,31.135625,56.19533678261927,True,False,False,True
2023-12-06,32.6,32.85,32.6,32.7,28548196.0,31.684500000000003,31.1481875,58.3475034838406,True,False,False,False
2023-12-07,32.65,32.6625,32.5,32.5,10954636.0,31.71675,31.158624999999997,53.33103877402363,True,False,False,False
2023-12-08,32.7875,32.9,32.725,32.7625,52095808.0,31.7615,31.173875,58.38788002622417,True,False,False,False
2023-12-11,32.7625,32.8375,32.6625,32.8,12519352.0,31.80675,31.1875,59.07018356864092,True,False,False,False
2023-12-12,32.975,33.0125,32.8375,32.875,21902040.0,31.851,31.2034375,60.46635678268547,True,False,False,False
2023-12-13,32.9,32.95,32.85,32.8875,11761744.0,31.8875,31.219125,60.70693089383092,True,False,False,False
2023-12-14,33.1625,33.3625,33.125,33.2875,128026068.0,31.93575,31.236875,67.51857290118764,True,False,False,False
2023-12-15,33.4125,33.55,33.4125,33.425,73515340.0,31.99475,31.2569375,69.47735200125432,True,False,False,False
2023-12-18,33.4125,33.475,33.15,33.475,26607988.0,32.04600000000001,31.2750625,70.18153832074506,True,False,False,False
2023-12-19,33.45,33.45,33.1875,33.35,22424988.0,32.0925,31.293312500000003,66.07721293266718,True,False,False,False
2023-12-20,33.3875,33.4625,33.35,33.4375,26463340.0,32.13,31.3113125,67.50958828347035,True,False,False,False
2023-12-21,33.05,33.175,33.0125,33.15,21419804.0,32.1565,31.327999999999996,58.73412075352809,True,False,False,True
2023-12-22,33.15,33.275,33.15,33.2375,24816776.0,32.1865,31.345,60.42040594882072,True,False,False,False
2023-12-25,33.25,33.45,33.2375,33.375,32321648.0,32.22275,31.36125,62.980466262389115,True,False,False,False
2023-12-26,33.375,33.6,33.375,33.5625,67267856.0,32.26125,31.3774375,66.19179139568857,True,False,False,False
2023-12-27,33.6,33.975,33.5875,33.9375,119800140.0,32.316,31.396749999999997,71.51407837250238,True,False,False,False
2023-12-28,33.9375,34.0,33.8625,33.9375,59393184.0,32.3705,31.4161875,71.51407837250238,True,False,False,False
2023-12-29,33.925,34.0,33.8375,33.8625,52446432.0,32.42075,31.437624999999997,68.99471217464088,True,False,False,False
2024-01-02,33.9,33.9875,33.6625,33.725,23688304.0,32.476,31.45775,64.50789145514788,True,False,False,False
2024-01-03,33.425,33.475,33.075,33.1375,54189900.0,32.519,31.4765625,49.65066256987648,True,False,False,True
2024-01-04,33.1375,33.1875,33.075,33.125,18270372.0,32.5605,31.4951875,49.39001662935817,True,False,False,False
2024-01-05,33.1375,33.2375,33.025,33.0375,15998684.0,32.6125,31.5140625,47.50986682696163,True,False,False,False
2024-01-08,33.25,33.4,33.1875,33.1875,37578880.0,32.664750000000005,31.5313125,50.95655607952196,True,False,True,False
2024-01-09,33.4625,33.4875,33.1875,33.25,22804060.0,32.719750000000005,31.549937499999995,52.36023415067018,True,False,False,False
2024-01-10,33.1,33.1625,33.0,33.075,27125880.0,32.775499999999994,31.567000000000004,48.200365640669126,True,False,False,False
2024-01-11,33.1125,33.3125,33.0875,33.2125,22504312.0,32.830999999999996,31.5819375,51.463224422081595,True,False,True,False
2024-01-12,33.05,33.2625,32.9875,33.1625,25937588.0,32.87175,31.595437500000003,50.224320458371366,True,False,False,False
2024-01-15,33.1625,33.1625,33.1625,33.1625,0.0,32.90775,31.6085,50.224320458371366,True,False,False,False
2024-01-16,33.0125,33.075,32.775,32.9125,87905184.0,32.93325,31.62125,44.07195237931632,False,True,False,False
2024-01-17,32.5,32.5,31.825,31.8625,145373216.0,32.937999999999995,31.630062500000005,28.35910865522635,False,True,False,False
2024-01-18,31.975,32.1375,31.975,32.075,28368372.0,32.9435,31.6396875,33.524557408766555,False,True,False,False
2024-01-19,32.925,33.275,32.775,33.225,104149832.0,32.97175,31.654312499999996,53.19336672943444,True,False,True,False
2024-01-22,33.45,33.5875,33.3375,33.45,51769732.0,33.007,31.6695625,55.94017866242945,True,False,False,False
2024-01-23,33.475,33.5625,33.375,33.5125,27609740.0,33.03375,31.685875,56.70030974826343,True,False,False,False
2024-01-24,33.5375,33.6,33.4875,33.5,56681432.0,33.05875,31.702125000000002,56.49039880435444,True,False,False,False
2024-01-25,33.7625,33.925,33.725,33.9125,104278032.0,33.084250000000004,31.7204375,61.54926218550484,True,False,False,False
2024-01-26,33.9125,33.9875,33.825,33.9125,63300248.0,33.1095,31.738937500000002,61.54926218550484,True,False,False,False
2024-01-29,33.9125,34.1625,33.9,34.125,106544936.0,33.137,31.758875,64.04678749725655,True,False,False,False
2024-01-30,34.0875,34.1625,34.0125,34.0375,38244096.0,33.163,31.7796875,62.25368912903749,True,False,False,False
2024-01-31,33.8125,33.825,33.5875,33.5875,27139568.0,33.172,31.7968125,53.89656262200193,True,False,False,True
2024-02-01,33.5875,33.625,33.4,33.5875,33583900.0,33.187000000000005,31.814312499999996,53.89656262200193,True,False,False,False
2024-02-02,33.75,33.8,33.6625,33.775,35616952.0,33.205999999999996,31.833250000000003,56.7051397264875,True,False,False,False
2024-02-05,33.775,34.05,33.75,33.9875,68850940.0,33.229749999999996,31.854375,59.70143732771457,True,False,False,False
2024-02-15,35.55,35.675,35.35,35.5875,166902248.0,33.28975,31.8836875,74.18694547288226,True,False,False,False
2024-02-16,35.5875,35.5875,35.3,35.325,70613876.0,33.34,31.912062499999998,69.756735265875,True,False,False,False
2024-02-19,35.25,35.3125,35.15,35.275,35994992.0,33.38975,31.94075,68.91258307439017,True,False,False,False
2024-02-20,35.1375,35.5,35.1,35.4125,53273328.0,33.44125,31.972062499999996,69.98816748011068,True,False,False,False
2024-02-21,35.35,35.375,35.2625,35.3,41419940.0,33.48825,32.0034375,67.91765871539624,True,False,False,False
2024-02-22,35.7375,35.7625,35.4625,35.7,49482432.0,33.545750000000005,32.0369375,71.18208697891116,True,False,False,False
2024-02-23,35.8625,36.025,35.825,35.9375,76632740.0,33.61275,32.069874999999996,72.94250942268135,True,False,False,False
2024-02-26,35.925,36.0,35.75,35.9875,39179224.0,33.6785,32.1026875,73.31213270031537,True,False,False,False
2024-02-27,35.9875,36.05,35.6625,35.8375,23922688.0,33.74525,32.135374999999996,70.21330689496361,True,False,False,False
2024-02-29,35.75,35.9875,35.675,35.825,27390448.0,33.8065,32.167625,69.94796864874172,True,False,False,False
2024-03-01,35.8875,35.9875,35.7,35.7,34647028.0,33.8645,32.198875,67.21260036017944,True,False,False,False
2024-03-04,36.25,36.8,36.2125,36.7375,97571592.0,33.94175,32.234375,75.70485448172236,True,False,False,False
2024-03-05,36.9375,37.1375,36.8375,37.0375,65483708.0,34.02475,32.2709375,77.51813955906141,True,False,False,False
2024-03-06,36.75,37.2625,36.6,37.2125,66132768.0,34.103249999999996,32.30975,78.5250264746268,True,False,False,False
2024-03-07,37.75,38.25,37.6875,38.075,118461268.0,34.19625,32.3531875,82.64948206471342,True,False,False,False
2024-03-08,38.9,39.1125,38.25,38.6125,115837004.0,34.299,32.399750000000004,84.6305378799511,True,False,False,False
2024-03-11,38.4625,38.55,38.1375,38.225,52057640.0,34.3965,32.444375,77.7392187572983,True,False,False,False
2024-03-12,38.05,38.65,38.025,38.625,58684560.0,34.50025,32.48925,79.58701759518927,True,False,False,False
2024-03-13,38.8875,39.0375,38.7375,38.8125,51296604.0,34.6135,32.532624999999996,80.40797310180884,True,False,False,False
2024-03-14,38.725,38.95,38.575,38.775,33274472.0,34.72425,32.5738125,79.7174452340567,True,False,False,False
2024-03-15,38.575,38.6875,38.25,38.25,34403816.0,34.821749999999994,32.6119375,70.57903722648172,True,False,False,False
2024-03-18,38.25,38.625,38.25,38.6,71751072.0,34.9225,32.6520625,72.81631032344127,True,False,False,False
2024-03-19,38.35,38.6375,38.25,38.5125,34279156.0,35.014,32.691875,71.35543263756506,True,False,False,False
2024-03-20,38.55,38.825,38.25,38.3,40321616.0,35.10125,32.731375,67.79799261633906,True,False,False,False
2024-03-21,38.8875,39.425,38.8875,39.35,79843224.0,35.211,32.7743125,74.54976002265137,True,False,False,False
2024-03-22,39.375,39.5625,39.125,39.3,27109996.0,35.3225,32.813375,73.75670842723957,True,False,False,False
2024-03-25,39.3,39.5,39.2375,39.375,34332452.0,35.44725,32.8518125,74.20006158402632,True,False,False,False
2024-03-26,39.575,39.8,39.1,39.4,26127772.0,35.57275,32.890375,74.3555821303152,True,False,False,False
2024-03-27,39.35,39.4625,39.225,39.4125,17547948.0,35.70025,32.929750000000006,74.43854987401244,True,False,False,False
2024-03-28,39.325,39.325,38.975,39.225,12641392.0,35.821,32.9694375,70.74140832270955,True,False,False,False
2024-03-29,39.225,39.4875,39.225,39.45,20572000.0,35.945,33.00825,72.50610616715448,True,False,False,False
2024-04-01,39.55,39.6875,39.3125,39.35,21344696.0,36.0705,33.0470625,70.47171736113808,True,False,False,False
2024-04-02,39.6125,39.9125,39.6,39.9125,29364088.0,36.204499999999996,33.08825,74.76145641706613,True,False,False,False
2024-04-03,39.6625,39.725,39.45,39.6375,18550252.0,36.334,33.1263125,69.44947549822011,True,False,False,False
2024-04-08,39.6625,39.9625,39.6375,39.8625,22629184.0,36.467999999999996,33.1670625,71.24942295079387,True,False,False,False
2024-04-09,40.0,40.8375,39.975,40.8125,32581692.0,36.626,33.211375000000004,77.32419118220035,True,False,False,False
2024-04-10,40.6875,40.825,40.6125,40.75,21203720.0,36.80375,33.253875,76.18371456139513,True,False,False,False
2024-04-11,40.5125,40.625,40.4125,40.625,17270700.0,36.97475,33.2925625,73.83805004040552,True,False,False,False
2024-04-12,40.65,40.7,40.4875,40.525,23321576.0,37.12075,33.3308125,71.93000545577905,True,False,False,False
2024-04-15,40.0625,40.1375,39.9,40.0,31563124.0,37.25175,33.3659375,62.76063323052411,True,False,False,False
2024-04-16,39.575,39.575,38.6875,38.9125,66621548.0,37.35975,33.3960625,48.864907429998006,True,False,False,True
2024-04-17,38.9875,39.425,38.975,39.35,30823556.0,37.47675,33.42875,53.34065920731551,True,False,True,False
2024-04-18,39.0875,39.7375,38.95,39.7375,26278092.0,37.59325,33.46425,56.93599681913723,True,False,False,False
2024-04-19,38.525,38.5375,37.375,37.725,121590104.0,37.6695,33.4896875,39.78831290358513,True,False,False,False
2024-04-22,37.6,37.9375,37.425,37.6125,37041220.0,37.73925,33.515562499999994,39.079760859539526,False,True,False,False
2024-04-23,38.0375,38.1125,37.825,37.975,21648704.0,37.818000000000005,33.544312500000004,42.62525806608673,True,False,False,False
2024-04-24,38.5,39.125,38.5,39.0875,30701016.0,37.928000000000004,33.578374999999994,51.88095703589261,True,False,True,False
2024-04-25,38.525,38.6125,38.3125,38.375,18805640.0,38.02375,33.608937499999996,46.68640133406325,True,False,False,False
2024-04-26,39.0,39.2,38.875,39.0,23018032.0,38.12825,33.6425625,51.29330297838269,True,False,True,False
2024-04-29,39.325,39.775,39.325,39.7,30810776.0,38.2425,33.677687500000005,55.890621423930305,True,False,False,False
2024-04-30,39.65,39.8375,39.5625,39.5625,17931740.0,38.321999999999996,33.71175,54.796518408179864,True,False,False,False
2024-05-02,39.3375,39.3375,39.0,39.0375,24868108.0,38.39625,33.7434375,50.714345550228096,True,False,False,False
2024-05-03,39.6375,39.6625,39.1125,39.2375,22758784.0,38.475500000000004,33.77975,52.17598362342222,True,False,False,False
2024-05-06,39.75,40.0375,39.75,39.8,34385032.0,38.56325,33.819125,56.117704532567835,True,False,False,False
2024-05-07,40.0625,40.1375,39.875,40.025,24914944.0,38.65775,33.8599375,57.62230713434536,True,False,False,False
2024-05-08,40.0,40.2,39.9125,40.175,23909068.0,38.74725,33.8993125,58.64043393350484,True,False,False,False
2024-05-09,40.1875,40.3125,40.1,40.125,20302276.0,38.830999999999996,33.938125,58.13902080414002,True,False,False,False
2024-05-10,40.3125,40.525,40.1375,40.4125,38735812.0,38.9195,33.9765625,60.24402728926896,True,False,False,False
2024-05-13,40.8375,40.975,40.7375,40.825,36463372.0,39.01925,34.015375,63.110315046510394,True,False,False,False
2024-05-14,40.8,41.1125,40.675,41.1,30997876.0,39.124750000000006,34.05587499999999,64.92582364639702,True,False,False,False
2024-05-15,41.4,41.9625,41.375,41.6625,58324000.0,39.244,34.101875,68.35630505235147,True,False,False,False
2024-05-16,42.2375,42.4375,41.775,41.8625,48239680.0,39.3465,34.15025,69.49860319052252,True,False,False,False
2024-05-17,41.8875,41.925,41.675,41.8125,18716540.0,39.442,34.197625,68.82965487612302,True,False,False,False
2024-05-20,41.8125,41.85,41.325,41.8,27022924.0,39.53375,34.247625,68.65174798143438,True,False,False,False
2024-05-21,41.6,41.7875,41.4625,41.75,17396092.0,39.60725,34.297312500000004,67.89577786124755,True,False,False,False
2024-05-22,41.8,42.5,41.8,42.5,25594296.0,39.685,34.34875,72.74408135027574,True,False,False,False
2024-05-23,42.575,42.8625,42.5,42.825,24008260.0,39.777,34.40225,74.53847930343622,True,False,False,False
2024-05-24,42.325,42.7,42.325,42.65,14620304.0,39.8575,34.453624999999995,71.79749466270626,True,False,False,False
2024-05-27,42.9375,43.35,42.9375,43.2375,22741680.0,39.946,34.5079375,75.10696457085838,True,False,False,False
2024-05-28,43.2375,43.35,43.125,43.3,22098816.0,40.036500000000004,34.5634375,75.43718633252232,True,False,False,False
2024-05-29,43.1125,43.125,42.6375,42.7125,27187816.0,40.125750000000004,34.6151875,66.50614417890787,True,False,False,False
2024-05-30,42.0,42.25,41.925,41.975,37110048.0,40.19325,34.66525,57.33041512296512,True,False,False,True
2024-05-31,42.0625,42.225,41.5,41.5,33146844.0,40.253,34.7136875,52.323272325642776,True,False,False,False
2024-06-03,42.1625,42.4375,41.825,42.3875,35980328.0,40.33475,34.765,59.44951181044277,True,False,False,False
2024-06-04,42.1875,42.1875,41.625,41.7125,31950448.0,40.382000000000005,34.814812499999995,52.96518943803264,True,False,False,False
2024-06-05,41.85,42.2,41.5375,42.1125,18128396.0,40.438250000000004,34.866375,56.02611022479892,True,False,False,False
2024-06-06,43.1875,43.65,43.1625,43.55,68229592.0,40.521750000000004,34.926125,64.87325517489245,True,False,False,False
2024-06-07,43.325,43.35,43.1,43.2125,27000588.0,40.598,34.984312499999994,61.732922184711164,True,False,False,False
2024-06-11,43.2875,43.5625,43.225,43.325,43428272.0,40.67625,35.0453125,62.38652941460899,True,False,False,False
2024-06-12,43.325,44.1125,43.325,44.1,30368844.0,40.77375,35.1099375,66.61667229893177,True,False,False,False
2024-06-13,44.725,45.125,44.45,44.7375,64426456.0,40.8795,35.1785625,69.6412116161605,True,False,False,False
2024-06-14,44.7375,45.0,44.45,45.0,25992432.0,40.9925,35.2478125,70.81378800125316,True,False,False,False
2024-06-17,44.8,45.1125,44.7,45.0,32511172.0,41.09425,35.318000000000005,70.81378800125316,True,False,False,False
2024-06-18,45.625,45.7625,45.5,45.75,26253244.0,41.216499999999996,35.393,74.12534746256779,True,False,False,False
2024-06-19,46.1875,47.225,46.1875,46.9875,101354688.0,41.35900000000001,35.4729375,78.4667747845413,True,False,False,False
2024-06-20,46.9875,47.4375,46.95,47.4375,45286572.0,41.4915,35.5540625,79.79441794833394,True,False,False,False
2024-06-21,46.775,47.3,46.7375,47.15,40956144.0,41.619499999999995,35.6310625,76.54719878001991,True,False,False,False
2024-06-24,46.625,46.625,45.8875,46.0,52787124.0,41.727,35.705375,65.12988186903453,True,False,False,False
2024-06-25,45.4875,45.975,45.2,45.975,52138524.0,41.836000000000006,35.7785625,64.90324632382439,True,False,False,False
2024-06-26,46.2375,46.525,46.0625,46.3375,35664104.0,41.96275,35.852687499999995,66.71203435158475,True,False,False,False
2024-06-27,45.9,46.325,45.85,46.325,24876244.0,42.111000000000004,35.9260625,66.5846015538823,True,False,False,False
2024-06-28,46.325,46.85,46.1625,46.6125,16587884.0,42.25625,36.001999999999995,68.09419253630841,True,False,False,False
2024-07-01,46.6375,47.0125,46.5625,46.65,29279212.0,42.3945,36.077875000000006,68.29538570244198,True,False,False,False
2024-07-02,46.4875,46.6875,46.125,46.3375,21777344.0,42.56675,36.151125,64.63748930158417,True,False,False,False
2024-07-03,46.9,46.9,46.6,46.9,25915028.0,42.7525,36.2275625,67.96362939063116,True,False,False,False
2024-07-04,47.65,48.1625,47.65,48.125,50576828.0,42.9555,36.3106875,73.7534806650839,True,False,False,False
2024-07-05,48.15,48.2125,47.8875,47.95,38933332.0,43.132749999999994,36.394375,71.75829706679794,True,False,False,False
2024-07-08,47.975,49.625,47.9625,49.4625,69409868.0,43.3545,36.4863125,77.4389856818255,True,False,False,False
2024-07-09,49.3625,50.0125,48.8625,49.4125,61955156.0,43.562749999999994,36.578625,76.88839330526471,True,False,False,False
2024-07-10,49.2375,49.6,48.75,49.5875,28674444.0,43.7605,36.67025,77.49160235005856,True,False,False,False
2024-07-11,50.1625,50.7,50.0,50.6875,39186920.0,43.983000000000004,36.7671875,80.87119837004866,True,False,False,False
2024-07-12,49.55,49.5875,49.0,49.0875,56633068.0,44.184000000000005,36.8539375,65.47229607607068,True,False,False,False
2024-07-15,49.4125,49.525,49.025,49.175,39160740.0,44.382749999999994,36.940625,65.85520295987806,True,False,False,False
2024-07-16,49.1375,49.75,49.0,49.2125,53022152.0,44.571,37.029187500000006,66.02907937985555,True,False,False,False
2024-07-17,49.1,49.125,48.4,48.525,57959112.0,44.74100000000001,37.115,59.99693993417658,True,False,False,True
2024-07-18,47.15,47.725,47.05,47.65,71520052.0,44.8905,37.197312499999995,53.32042579236816,True,False,False,False
2024-07-19,47.1875,47.25,46.55,46.5625,65815640.0,45.01925,37.2766875,46.408153222518315,True,False,False,False
2024-07-22,46.35,46.35,45.0125,45.175,84847384.0,45.1145,37.34925,39.391662349829836,True,False,False,False
2024-07-23,45.925,46.575,45.925,46.575,50108316.0,45.2295,37.4276875,47.94385387598942,True,False,False,False
2024-07-26,44.5125,44.8625,44.275,44.75,103626472.0,45.3025,37.4988125,40.01687451013248,False,True,False,False
2024-07-29,45.45,45.5,44.9875,45.15,39785056.0,45.37225,37.571875,42.269864037092425,False,True,False,False
2024-07-30,44.8125,45.325,44.375,45.15,52429524.0,45.437999999999995,37.6443125,42.269864037092425,False,True,False,False
2024-07-31,44.7125,45.2875,44.65,45.2125,36314216.0,45.50599999999999,37.7150625,42.66014383678865,False,True,False,False
2024-08-01,46.25,46.275,45.675,46.0,56246796.0,45.59,37.790687500000004,47.47816407807541,True,False,False,False
2024-08-02,44.5375,44.725,43.675,43.675,118827260.0,45.6285,37.8566875,37.46821073245074,False,True,False,False
2024-08-05,41.6625,41.6625,39.6,39.6875,222308816.0,45.572250000000004,37.9005625,26.967107551063947,False,True,False,False
2024-08-06,41.825,42.6,40.2,41.875,252563844.0,45.55325,37.954812499999996,37.341937400783124,False,True,False,False
2024-08-07,42.4625,43.6875,42.25,43.5375,127298960.0,45.571000000000005,38.0146875,43.86826975978197,False,True,False,False
2024-08-08,42.7625,43.1,42.25,42.6375,103364420.0,45.559,38.06875,41.356926817891186,False,True,False,False
2024-08-09,43.75,44.225,43.625,43.9625,93415024.0,45.57225,38.129875,46.236698471069346,False,True,False,False
2024-08-12,44.3125,44.95,44.3125,44.5125,70286956.0,45.608250000000005,38.194625,48.164839177225,False,True,False,False
2024-08-13,44.825,44.875,44.5,44.625,43433840.0,45.66125,38.2595625,48.57112747424873,False,True,False,False
2024-08-14,45.0875,45.4625,44.9875,45.1875,74857276.0,45.735,38.3295,50.65378747012951,False,True,False,False
2024-08-15,45.15,45.25,44.7625,44.8375,45926588.0,45.784,38.397625,49.31557319613336,False,True,False,False
2024-08-16,45.75,45.9125,45.5875,45.85,52823660.0,45.86675,38.470125,53.16991603082245,False,True,False,False
2024-08-19,45.875,46.175,45.7875,45.9125,37122372.0,45.942750000000004,38.544875,53.405464592529704,False,True,False,False
2024-08-20,46.15,46.3,45.925,45.9375,43139504.0,45.990500000000004,38.619625,53.50620302985603,False,True,False,False
2024-08-21,45.75,45.7625,45.3625,45.45,46736568.0,46.03525,38.691625,51.18239564089428,False,True,False,False
2024-08-22,45.525,45.65,45.0875,45.2125,20872828.0,46.073,38.7655,50.04213148608038,False,True,False,False
2024-08-23,44.75,45.3375,44.725,45.2375,31773940.0,46.09575000000001,38.838812499999996,50.16798183292322,False,True,False,False
2024-08-26,45.6,45.85,45.2,45.3125,45593952.0,46.10725,38.912875,50.57027683067387,False,True,False,False
2024-08-27,45.1,45.225,44.9375,45.1125,21167864.0,46.1095,38.987,49.4244179488377,False,True,False,False
2024-08-28,45.125,45.75,44.9625,45.75,21989684.0,46.1245,39.0635625,53.07432035878488,False,True,False,False
2024-08-29,44.875,45.2875,44.7875,45.125,43063780.0,46.111999999999995,39.133562500000004,49.31665190046123,False,True,False,False
2024-08-30,45.2375,45.5125,45.1625,45.3375,32202952.0,46.07899999999999,39.2034375,50.59735315794881,False,True,False,False
2024-09-02,45.475,45.6125,45.125,45.2125,32057896.0,46.0345,39.2713125,49.800186237872104,False,True,False,False
2024-09-03,45.25,45.375,44.925,45.0125,38411312.0,45.99175,39.33825,48.483978658696486,False,True,False,False
2024-09-04,42.75,43.45,42.5,42.8125,119635984.0,45.928000000000004,39.3933125,36.92354391018067,False,True,False,False
2024-09-05,43.2125,43.6625,42.9375,43.075,35275304.0,45.87,39.449625,38.79865998466349,False,True,False,False
2024-09-06,43.25,43.725,42.9625,43.6875,34331020.0,45.81700000000001,39.509625,43.0526444751457,False,True,False,False
2024-09-09,42.6,43.025,42.575,43.0125,60735940.0,45.75075,39.5638125,39.77175158583799,False,True,False,False
2024-09-10,43.35,43.35,42.7875,43.0875,37207812.0,45.68025000000001,39.617999999999995,40.31599396815743,False,True,False,False
2024-09-11,43.0875,43.125,42.875,42.9625,20056236.0,45.606500000000004,39.669625,39.67254279610329,False,True,False,False
2024-09-12,44.025,44.6625,44.025,44.575,62978008.0,45.57125,39.72925,50.62104093612285,False,True,False,False
2024-09-13,44.75,44.8375,44.4625,44.6,18047504.0,45.52525,39.788500000000006,50.770214697055614,False,True,False,False
2024-09-16,44.65,44.8,44.575,44.6875,23507632.0,45.4565,39.84825,51.32447513373263,False,True,False,False
2024-09-18,44.625,44.775,44.1375,44.4625,36769256.0,45.38675,39.904875000000004,49.77267401738816,False,True,False,False
2024-09-19,44.5,45.05,44.25,45.0375,32440304.0,45.298249999999996,39.965875000000004,53.63108501525126,False,True,False,False
2024-09-20,45.775,46.025,45.6125,45.6125,54531520.0,45.22225,40.0298125,57.173999201162204,True,False,False,False
2024-09-23,45.6375,45.9125,45.6375,45.8125,31601992.0,45.146750000000004,40.094874999999995,58.36560549114184,True,False,False,False
2024-09-24,45.8,46.25,45.525,46.25,39809384.0,45.058,40.1631875,60.92676917039587,True,False,False,False
2024-09-25,46.925,47.0,46.8375,46.9375,46692004.0,45.015,40.2338125,64.61089142122589,True,False,False,False
2024-09-26,47.4,47.5,47.1875,47.325,66903724.0,44.978,40.3065,66.52663663702091,True,False,False,False
2024-09-27,47.55,47.8125,47.15,47.225,45613256.0,44.93825,40.3784375,65.54060343574884,True,False,False,False
2024-09-30,46.6375,46.8,45.9875,45.9875,52747800.0,44.8875,40.443625000000004,54.72997144592243,True,False,False,True
2024-10-01,45.975,46.15,45.8375,45.9,37640876.0,44.8525,40.50899999999999,54.051092016637924,True,False,False,False
2024-10-04,46.0,46.325,45.75,45.9,35462652.0,44.83925,40.575562500000004,54.051092016637924,True,False,False,False
2024-10-07,46.45,47.05,46.45,47.0375,53806008.0,44.87650000000001,40.64725,61.290424956146836,True,False,False,False
2024-10-08,46.7375,46.8375,46.375,46.8125,37917328.0,44.88125,40.7188125,59.30023040476929,True,False,False,True
2024-10-09,47.25,47.55,47.25,47.25,45188240.0,44.93125,40.79125,61.891457420796335,True,False,False,False
2024-10-11,47.2625,48.2,47.2625,48.0375,49226984.0,44.989,40.8674375,66.07797115162681,True,False,False,False
2024-10-14,48.025,48.225,47.7375,48.075,40439036.0,45.0475,40.9434375,66.26800788596762,True,False,False,False
2024-10-15,48.25,49.15,48.25,49.1,59070828.0,45.12525000000001,41.024499999999996,71.043131460674,True,False,False,False
2024-10-16,48.1125,48.825,47.9125,48.25,71201552.0,45.17025,41.099312499999996,63.069734741293296,True,False,False,False
2024-10-17,48.5,48.525,47.975,48.325,38164820.0,45.26325,41.1738125,63.45942866271872,True,False,False,False
2024-10-18,49.825,50.05,49.3125,49.525,129283608.0,45.46,41.2540625,69.08114877966376,True,False,False,False
2024-10-21,49.7625,49.9875,49.5,49.5125,52918584.0,45.61275,41.334875000000004,68.9621293131366,True,False,False,False
2024-10-22,49.3,49.325,48.8375,49.325,33857660.0,45.728500000000004,41.41431250000001,67.09479021692388,True,False,False,False
2024-10-23,49.175,49.225,48.9125,49.0,37794896.0,45.85575000000001,41.493562499999996,63.86664259836189,True,False,False,False
2024-10-24,49.0,49.175,48.625,48.7,32493848.0,45.950500000000005,41.570874999999994,60.951424676554105,True,False,False,False
2024-10-25,48.75,49.1375,48.75,49.1,50566572.0,46.042249999999996,41.649499999999996,63.3533247656712,True,False,False,False
2024-10-28,49.475,49.5375,48.7375,49.0125,45978476.0,46.13,41.72675,62.44841780373181,True,False,False,False
2024-10-29,48.3125,48.3125,47.55,47.875,96980096.0,46.18375,41.7964375,52.04169499866299,True,False,False,True
2024-10-30,48.2375,48.5125,47.875,47.95,56626752.0,46.246,41.866499999999995,52.60253911161654,True,False,False,False
2024-11-01,46.5375,47.6375,46.4875,47.625,78483628.0,46.281499999999994,41.9353125,49.88037186803047,True,False,False,False
2024-11-04,47.7625,48.3,47.7,48.2375,29118288.0,46.328,42.007875000000006,54.64412314983304,True,False,True,False
2024-11-05,47.8875,48.675,47.85,48.4125,40432828.0,46.3775,42.084250000000004,55.93288449510595,True,False,False,False
2024-11-06,48.5125,49.5125,48.375,48.8,66825504.0,46.4445,42.162625,58.72928437686608,True,False,False,False
2024-11-07,48.725,49.5125,48.625,49.3625,53994208.0,46.5275,42.244249999999994,62.45392751413348,True,False,False,False
2024-11-08,49.85,50.0,49.675,49.75,51800604.0,46.617749999999994,42.32706249999999,64.81003636511679,True,False,False,False
2024-11-11,49.7125,49.775,49.2,49.775,49456052.0,46.707,42.4096875,64.96279762914364,True,False,False,False
2024-11-12,48.8,48.9625,48.5,48.5,105088348.0,46.774750000000004,42.486812500000006,52.4560387697981,True,False,False,True
2024-11-13,48.4625,48.5,48.125,48.1875,36778360.0,46.8235,42.561687500000005,49.91931491126931,True,False,False,False
2024-11-14,48.075,48.125,47.525,47.75,48586460.0,46.876000000000005,42.63462500000001,46.52700502103916,True,False,False,False
2024-11-15,48.0125,48.2125,47.7125,48.0875,29542324.0,46.931000000000004,42.709250000000004,49.3845333862753,True,False,False,False
2024-11-18,47.8625,47.925,47.4,47.4125,53578064.0,46.975,42.78175,44.28713785454023,True,False,False,False
2024-11-19,47.675,48.2375,47.55,48.0625,30473284.0,47.036,42.862750000000005,49.67409185440681,True,False,False,False
2024-11-20,47.8625,47.8625,47.8625,47.8625,312000.0,47.137,42.9416875,48.131956014492246,True,False,False,False
2024-11-21,47.5,47.5375,47.15,47.3375,63506468.0,47.222249999999995,43.012249999999995,44.24860811531105,True,False,False,False
2024-11-22,47.775,48.3,47.775,48.2625,31862348.0,47.31375,43.086312500000005,51.65033964738308,True,False,True,False
2024-11-25,48.675,48.6875,48.0625,48.0875,31306652.0,47.41524999999999,43.1591875,50.290021673417606,True,False,False,False
2024-11-26,47.525,47.575,47.2,47.4625,45563288.0,47.50275,43.229,45.66438497862988,False,True,False,False
2024-11-27,47.2875,47.3625,46.75,46.775,56290744.0,47.57899999999999,43.29331249999999,41.177666715636335,False,True,False,False
2024-11-28,46.75,46.775,46.3625,46.7,52436456.0,47.6215,43.35724999999999,40.70777071290802,False,True,False,False
2024-11-29,46.2375,47.0,46.125,46.8125,32512880.0,47.665749999999996,43.42068749999999,41.78097133121936,False,True,False,False
2024-12-02,47.125,47.925,47.125,47.925,42176312.0,47.7305,43.490125,51.18962458515014,True,False,True,False
2024-12-03,48.575,48.7125,48.4375,48.575,39812424.0,47.812749999999994,43.565062499999996,55.69483318484816,True,False,False,False
2024-12-04,48.675,48.8625,48.5125,48.8625,25820996.0,47.889250000000004,43.641437499999995,57.56069795656548,True,False,False,False
2024-12-05,48.9375,49.15,48.9125,49.125,29784812.0,47.9595,43.71818749999999,59.24821649139587,True,False,False,False
2024-12-06,49.125,49.175,48.75,48.9375,27238024.0,48.022,43.7929375,57.48977636438517,True,False,False,False
2024-12-09,49.0375,49.0625,48.925,49.0,18559456.0,48.077,43.86,57.937909018801165,True,False,False,False
2024-12-10,48.9375,49.1125,48.6375,48.65,17909228.0,48.11125,43.926625,54.47468459050258,True,False,False,False
2024-12-11,48.25,48.5625,48.15,48.225,26858756.0,48.12925,43.991375,50.52527586602665,True,False,False,False
2024-12-12,48.725,48.9375,48.6125,48.7875,20108964.0,48.1605,44.05825,55.15900726672867,True,False,False,False
2024-12-13,48.6625,48.9,48.525,48.825,18081708.0,48.21725000000001,44.12587499999999,55.45851332215008,True,False,False,False
2024-12-16,49.25,49.4125,48.9375,49.025,29374368.0,48.27974999999999,44.1925,57.10413219005781,True,False,False,False
2024-12-17,49.275,49.5125,49.1875,49.275,37176916.0,48.347249999999995,44.259187499999996,59.13646656533194,True,False,False,False
2024-12-18,49.2,49.4625,48.9,49.275,26215508.0,48.391999999999996,44.32562499999999,59.13646656533194,True,False,False,False
2024-12-19,48.5875,48.7,48.3875,48.6,52180188.0,48.427749999999996,44.38943749999999,51.496513933242376,True,False,False,False
2024-12-20,48.4375,48.4375,48.0,48.15,44493576.0,48.44575,44.4510625,47.12547698477631,False,True,False,False
2024-12-23,48.675,49.325,48.625,49.3125,44704264.0,48.47125,44.519124999999995,57.22614639475805,True,False,True,False
2024-12-24,49.625,49.775,49.375,49.45,32783608.0,48.49875,44.5826875,58.24224363211532,True,False,False,False
2024-12-25,49.625,49.625,49.3625,49.6,23624492.0,48.50875,44.6455,59.37598242624298,True,False,False,False
2024-12-26,49.6,49.625,49.5,49.5625,19214244.0,48.535,44.70725,58.94511037059815,True,False,False,False
2024-12-27,49.4,49.7625,49.325,49.725,27949668.0,48.563,44.7655,60.28987283684417,True,False,False,False
2024-12-30,49.5375,49.6625,49.4125,49.45,34709064.0,48.561499999999995,44.8196875,56.89355907703501,True,False,False,True
2024-12-31,49.175,49.225,48.9,48.9375,31346136.0,48.55,44.87325,51.114544486972754,True,False,False,False
2025-01-02,48.9125,48.9125,48.3125,48.5125,51190808.0,48.53375,44.9226875,46.86341471784825,False,True,False,False
2025-01-03,49.0,49.2375,48.8,49.0,28453484.0,48.53375,44.973625,51.81394387751468,True,False,True,False
2025-01-06,49.6625,50.575,49.65,50.5375,98511172.0,48.5705,45.03243750000001,63.396527753255405,True,False,False,False
2025-01-07,51.2375,51.5,51.0625,51.1,63775376.0,48.6105,45.09668750000001,66.56318500732034,True,False,False,False
2025-01-08,50.6625,50.8375,50.2625,50.3375,47422868.0,48.637,45.15537500000001,59.09932782685251,True,False,False,True
2025-01-09,50.05,50.2875,49.75,49.7625,33722620.0,48.674749999999996,45.211625,54.16674231115658,True,False,False,False
2025-01-10,49.75,49.8875,49.5,49.75,33285296.0,48.71075,45.268875,54.061108273968465,True,False,False,False
2025-01-13,49.75,49.75,48.525,48.6,83504716.0,48.73025,45.315124999999995,45.30704959110299,False,True,False,False
2025-01-14,48.675,48.975,48.5125,48.9,43511100.0,48.7435,45.363125,47.686865427195116,True,False,False,False
2025-01-15,49.0,49.0,48.4375,48.525,69536468.0,48.74575,45.40887500000001,45.048201089526856,False,True,False,False
2025-01-16,49.475,49.875,49.35,49.5125,62348392.0,48.76,45.45943749999999,52.501607509658,True,False,True,False
2025-01-17,49.25,49.3375,48.6,49.075,60550264.0,48.75425,45.50775000000001,49.31052418393034,True,False,False,False
2025-01-20,49.2875,49.6625,49.2875,49.575,29670284.0,48.75075,45.5595,52.83853162508755,True,False,True,False
2025-01-21,49.325,49.8,49.175,49.675,42450952.0,48.74875,45.610625,53.53508044520664,True,False,False,False
2025-01-22,50.075,50.425,50.075,50.325,51457596.0,48.78525,45.665499999999994,57.888794996282165,True,False,False,False
2025-02-03,48.075,48.25,47.6625,48.175,223159112.0,48.785,45.706812500000005,43.40245074957352,False,True,False,False
2025-02-04,48.4125,48.6375,48.2625,48.4625,77136476.0,48.79925,45.7509375,45.37111082576912,False,True,False,False
2025-02-05,48.9375,49.45,48.9375,49.2,60958500.0,48.82149999999999,45.79762500000001,50.16025366379773,True,False,True,False
2025-02-06,49.5,49.6,49.275,49.4125,44838828.0,48.8615,45.840625,51.48014005862641,True,False,False,False
2025-02-07,49.4125,49.65,49.275,49.6375,22434376.0,48.893,45.885062500000004,52.902364380715554,True,False,False,False
2025-02-10,49.55,49.55,49.025,49.075,65528040.0,48.91725,45.927312500000006,49.03281757044246,True,False,False,False
2025-02-11,49.375,49.625,49.25,49.375,19842444.0,48.958,45.9715625,51.087697910927936,True,False,True,False
2025-02-12,49.5,49.6625,49.25,49.3,27301116.0,48.97875,46.0180625,50.539107550303115,True,False,False,False
2025-02-13,49.325,49.35,48.8875,49.0875,56673980.0,48.99875,46.068937500000004,48.935714034011724,True,False,False,False
2025-02-14,48.7875,48.7875,48.375,48.5,92217264.0,49.0195,46.1146875,44.712215354169906,False,True,False,False
2025-02-17,48.6875,49.2375,48.6875,49.2375,46591960.0,49.06875,46.1621875,50.489009418168884,True,False,True,False
2025-02-18,49.475,49.475,49.15,49.4125,32278676.0,49.123000000000005,46.220625,51.77659549694096,True,False,False,False
2025-02-19,49.4125,49.475,49.25,49.325,47313232.0,49.17325000000001,46.2791875,51.06156678473315,True,False,False,False
2025-02-20,49.2375,49.2375,48.775,49.1375,55359052.0,49.1975,46.335,49.48454576730302,False,True,False,False
2025-02-21,49.125,49.4875,48.975,49.4875,33879192.0,49.21575000000001,46.387,52.43751765974331,True,False,True,False
2025-02-24,49.0375,49.1,48.875,49.05,49672024.0,49.2195,46.440374999999996,48.612138613476006,False,True,False,False
2025-02-25,48.5,48.5125,48.15,48.4125,106710684.0,49.20525,46.4874375,43.61878080114915,False,True,False,False
2025-02-26,48.225,48.675,47.975,48.675,73176320.0,49.2,46.53231250000001,46.07502593333824,False,True,False,False
2025-02-27,48.7375,48.7375,48.0875,48.125,74694820.0,49.1825,46.57512500000001,41.95120542938478,False,True,False,False
2025-03-03,47.2,47.25,46.7,47.0125,221959024.0,49.14975,46.615,35.10664573370114,False,True,False,False
2025-03-04,46.25,46.8125,46.1625,46.7,114655652.0,49.11925,46.6523125,33.455435236882835,False,True,False,False
2025-03-05,47.0,47.375,47.0,47.3125,51369564.0,49.08975,46.689875,39.4652188529349,False,True,False,False
2025-03-06,47.3375,47.3375,46.8375,47.025,56890884.0,49.05375,46.724875000000004,37.74220050047052,False,True,False,False
2025-03-07,46.7,46.75,46.45,46.5875,68483412.0,49.005,46.75693749999999,35.2221126465606,False,True,False,False
2025-03-10,46.5875,46.5875,46.0875,46.3125,79006576.0,48.94575,46.78787500000001,33.69895714019535,False,True,False,False
2025-03-11,45.1875,45.525,44.775,45.5,134191768.0,48.87025,46.8133125,29.622970033381563,False,True,False,False
2025-03-12,45.525,46.1,45.4,45.7,51035508.0,48.812250000000006,46.8376875,31.809383368020733,False,True,False,False
2025-03-13,46.3,46.4625,45.2625,45.275,52268912.0,48.75475,46.8585625,29.697977046465454,False,True,False,False
2025-03-14,45.275,45.2875,44.8875,45.125,49198232.0,48.67100000000001,46.87587499999999,28.967158639416013,False,True,False,False
2025-03-17,45.6375,45.875,45.4,45.5125,43897376.0,48.59225000000001,46.894125,33.518589661290605,False,True,False,False
2025-03-18,45.775,45.9625,45.5875,45.7,30603120.0,48.51424999999999,46.9135625,35.666615142314726,False,True,False,False
2025-03-19,45.65,45.6625,45.025,45.1375,46763368.0,48.42575,46.93025000000001,32.29540462534439,False,True,False,False
2025-03-20,45.6125,46.1125,45.6125,46.1125,30658212.0,48.3535,46.952062500000004,42.44947242788456,False,True,False,False
2025-03-21,46.0,46.0,45.625,45.7375,28538176.0,48.279250000000005,46.968250000000005,39.96672893397893,False,True,False,False
2025-03-24,46.1,46.1,45.575,45.6875,29239460.0,48.21425,46.9825625,39.633878179628354,False,True,False,False
2025-03-25,46.1625,46.375,46.0,46.1625,31256652.0,48.167249999999996,47.000125,44.37347258723442,False,True,False,False
2025-03-26,46.3,46.35,45.9625,46.125,26915048.0,48.10974999999999,47.01456249999999,44.07923086628091,False,True,False,False
2025-03-27,45.375,45.4,45.1125,45.25,69966552.0,48.004,47.02431249999999,37.78352069276053,False,True,False,False
2025-03-28,44.7875,44.825,44.5,44.8,78993236.0,47.878,47.03475,35.01378147771622,False,True,False,False
2025-03-31,43.4,43.5625,43.05,43.1875,146065632.0,47.735,47.0408125,27.293022670692636,False,True,False,False
2025-04-01,43.4,44.1375,43.4,44.075,47284600.0,47.62125,47.053687499999995,35.69735346830228,False,True,False,False
2025-04-02,44.2125,44.3375,44.0,44.0,41725300.0,47.50625,47.06174999999999,35.32573622707561,False,True,False,False
2025-04-07,39.6,39.6,39.6,39.6,92658524.0,47.32625,47.0511875,21.30993252406209,False,True,False,False
2025-04-08,37.8,39.3625,37.6375,38.3125,321307308.0,47.1145,47.0321875,18.941696888398866,False,True,False,False
2025-04-09,38.125,38.5375,36.25,36.55,300494796.0,46.875,46.99718750000001,16.27522816319133,False,True,False,False
2025-04-10,40.2,40.2,40.2,40.2,22371068.0,46.68875,46.982124999999996,36.28028741426614,False,True,False,False
2025-04-11,39.3125,41.1375,38.8375,41.1375,189919436.0,46.53,46.971187500000006,40.23056927078392,False,True,False,False
2025-04-14,42.125,42.175,40.875,40.925,175434800.0,46.357,46.9553125,39.63083367576836,False,True,False,False
2025-04-15,41.0125,41.375,40.825,41.3375,73965868.0,46.19025,46.9383125,41.455320707023226,False,True,False,False
2025-04-16,40.95,40.95,40.35,40.5875,98068248.0,45.9955,46.91625000000001,39.13920830163641,False,True,False,False
2025-04-17,40.325,40.325,39.8625,40.1375,72955972.0,45.83474999999999,46.891937500000004,37.77548780372663,False,True,False,False
2025-04-18,40.35,40.45,40.15,40.225,44335540.0,45.67,46.864312500000004,38.22619851826776,False,True,False,False
2025-04-21,40.1875,40.1875,39.625,39.65,62867512.0,45.479,46.827625,36.36225942216941,False,True,False,False
2025-04-22,39.3875,39.475,38.9875,38.9875,75640860.0,45.2705,46.785375,34.28776394657437,False,True,False,False
2025-04-23,40.075,40.775,40.075,40.7125,63235952.0,45.092,46.7531875,43.350253195673176,False,True,False,False
2025-04-24,40.975,41.0125,40.325,40.475,53776468.0,44.92,46.7255625,42.481570793786474,False,True,False,False
2025-04-25,41.55,41.7375,41.375,41.4375,70563724.0,44.76125,46.702875000000006,47.10736586235371,False,True,False,False
2025-04-28,41.7,41.875,41.7,41.7875,48371852.0,44.611,46.680125,48.72231832514713,False,True,False,False
2025-04-29,41.7875,42.0,41.625,41.95,43388416.0,44.468250000000005,46.658249999999995,49.49336905239926,False,True,False,False
2025-04-30,41.9625,42.25,41.875,42.15,37552524.0,44.34125,46.6359375,50.48031586478098,False,True,False,False
2025-05-02,43.0,43.375,42.875,43.375,57160960.0,44.224,46.6195625,56.13437615887913,False,True,False,False
2025-05-05,43.65,43.65,42.475,42.9875,127935288.0,44.0955,46.602812500000006,54.03272914517669,False,True,False,False
2025-05-06,42.4875,43.025,42.3375,42.75,116316784.0,43.964,46.5820625,52.72967471475359,False,True,False,False
2025-05-07,42.95,43.125,42.4875,42.5875,53137384.0,43.833,46.554375,51.809043569824254,False,True,False,False
2025-05-08,43.0125,43.3,42.9,43.15,39311228.0,43.70625,46.53037500000001,54.75390916789685,False,True,False,False
2025-05-09,43.175,43.7375,43.0875,43.6875,51888384.0,43.599000000000004,46.50150000000001,57.430831236365634,False,False,False,False
2025-05-12,43.875,44.25,43.875,44.175,53767756.0,43.514250000000004,46.4753125,59.75641588567472,False,False,False,False
2025-05-13,45.2125,45.275,44.7125,44.7125,79922716.0,43.435,46.45093750000001,62.207886513754595,False,False,False,False
2025-05-14,45.4625,45.725,45.3375,45.725,90203212.0,43.387,46.426125,66.36441085015397,False,False,False,False
2025-05-15,45.725,45.725,45.5,45.625,45677800.0,43.35925,46.408812499999996,65.59704394015549,False,False,False,False
2025-05-16,45.5625,45.8,45.425,45.75,37815732.0,43.34025,46.391687499999996,66.12433493110342,False,False,False,False
2025-05-19,45.6625,45.6625,45.0875,45.1125,37940744.0,43.29625,46.371187500000005,60.99017569289039,False,False,False,False
2025-05-20,45.4625,45.6,45.125,45.2,21364336.0,43.25975,46.3545625,61.43280344076776,False,False,False,False
2025-05-21,45.225,45.9625,45.225,45.9,54450212.0,43.246,46.3458125,64.86721177803213,False,False,False,False
2025-05-22,45.5125,45.5125,45.15,45.4,33358772.0,43.22775000000001,46.34,60.70866860387004,False,False,False,False
2025-05-23,45.6875,45.7,45.05,45.2125,26094416.0,43.22200000000001,46.3401875,59.176587169335285,False,False,False,True
2025-05-26,45.1625,45.375,45.075,45.1625,55195720.0,43.21125,46.333125,58.75079438225894,False,False,False,False
2025-05-27,45.1625,45.1625,44.5,44.7625,48275072.0,43.20099999999999,46.333187499999994,55.32140902906911,False,False,False,False
2025-05-28,45.225,45.3375,44.575,44.8375,32309448.0,43.195249999999994,46.331625,55.841883037400095,False,False,False,False
2025-05-29,45.375,45.425,44.825,44.9375,36265824.0,43.18375,46.330562500000006,56.5683721421108,False,False,False,False
2025-06-02,44.5,44.5125,43.8125,43.975,70595756.0,43.14925,46.324375,48.327092528435394,False,False,False,False
2025-06-03,44.375,44.7,44.25,44.2875,28229464.0,43.13224999999999,46.3158125,50.83170250147551,False,False,False,False
2025-06-04,44.825,45.325,44.7875,45.325,45804932.0,43.1165,46.3240625,58.09403059866308,False,False,False,False
2025-06-05,45.5,45.6625,45.375,45.4125,40696376.0,43.11,46.3526875,58.64876337606133,False,False,False,False
2025-06-06,45.475,45.6,45.375,45.4875,32768028.0,43.106,46.37075,59.14794630392776,False,False,False,False
2025-06-09,45.85,46.0125,45.7625,45.925,52629020.0,43.10125,46.3826875,62.027602979604765,False,False,False,False
2025-06-10,46.225,47.225,46.225,47.1625,116037804.0,43.122,46.4053125,68.73987263373573,True,False,False,False
2025-06-11,47.1625,47.1625,47.1625,47.1625,0.0,43.160250000000005,46.421312500000006,68.73987263373573,True,False,False,False
2025-06-12,47.1625,47.1625,47.1625,47.1625,0.0,43.2075,46.4345625,68.73987263373573,True,False,False,False
2025-06-13,47.1625,47.1625,47.1625,47.1625,0.0,43.287,46.447250000000004,68.73987263373573,True,False,False,False
2025-06-16,47.1625,47.1625,47.1625,47.1625,0.0,43.34875,46.457125,68.73987263373573,True,False,False,False
2025-06-17,47.1625,47.1625,47.1625,47.1625,0.0,43.412,46.46875,68.73987263373573,True,False,False,False
2025-06-18,47.5,47.72,47.14,47.57,244697327.0,43.571400000000004,46.477349999999994,71.34205062341364,True,False,False,False
2025-06-19,47.5,47.55,47.02,47.1,166284920.0,43.747150000000005,46.483287499999996,64.6568321197565,True,False,False,False
2025-06-20,47.1,47.16,46.69,47.03,80561608.0,43.95675,46.48875,63.69943858936278,True,False,False,False
2025-06-23,46.54,46.66,46.28,46.64,101938627.0,44.085550000000005,46.4947,58.501904780514685,True,False,False,True
2025-06-24,47.3,47.49,47.3,47.49,54574616.0,44.2126,46.50608750000001,65.17196419666737,True,False,False,False
2025-06-25,47.9,48.18,47.89,48.18,77814637.0,44.3577,46.5208,69.46283210257167,True,False,False,False
2025-06-26,48.3,48.45,48.17,48.24,77281242.0,44.49575,46.5354375,69.81112921530553,True,False,False,False
2025-06-27,48.32,48.37,48.0,48.29,94190611.0,44.649800000000006,46.551325000000006,70.11700749614847,True,False,False,False
2025-06-30,48.37,48.42,48.24,48.36,59086358.0,44.81425,46.564375,70.56663656828246,True,False,False,False
2025-07-01,48.38,49.15,48.38,48.64,74674904.0,44.98255,46.581950000000006,72.35823527023592,True,False,False,False
2025-07-02,48.57,48.75,48.38,48.65,75071035.0,45.16255,46.598512500000005,72.42279737916796,True,False,False,False
2025-07-03,49.35,49.6,49.26,49.32,61179330.0,45.3692,46.619049999999994,76.40004478268412,True,False,False,False
2025-07-04,49.4,49.49,48.83,48.86,73712387.0,45.53215,46.638287500000004,69.0381553874323,True,False,False,False
2025-07-07,48.82,48.82,48.44,48.57,78503277.0,45.69405,46.667075000000004,64.79891303229817,True,False,False,False
2025-07-08,48.45,48.51,48.21,48.35,50214875.0,45.832300000000004,46.693450000000006,61.703502542911096,True,False,False,False
2025-07-09,48.35,48.99,48.27,48.85,38540142.0,45.97355,46.71926249999999,65.7123559961154,True,False,False,False
2025-07-10,49.0,49.47,48.99,49.41,53089295.0,46.122749999999996,46.751250000000006,69.55617592725686,True,False,False,False
2025-07-11,49.36,49.63,49.28,49.62,44752569.0,46.27215,46.7839125,70.87476879546692,True,False,False,False
2025-07-14,49.59,49.59,49.21,49.33,62300823.0,46.39125,46.81575,66.58576621964521,True,False,False,False
2025-07-15,49.35,50.1,49.33,50.0,68008041.0,46.531499999999994,46.84287500000001,70.95843127502451,True,False,False,False
2025-07-16,50.15,50.7,50.15,50.4,90231230.0,46.6845,46.871875,73.2122587669448,True,False,False,False
2025-07-17,50.6,50.8,50.3,50.7,88235423.0,46.84675,46.9019375,74.79233885180233,True,False,False,False
2025-07-18,51.4,51.6,51.3,51.45,105861549.0,47.01275,46.93687500000001,78.24687232475154,True,False,False,False
2025-07-21,51.1,51.1,50.75,50.9,75792981.0,47.157,46.966187500000004,70.60533910236681,True,False,False,False
2025-07-22,50.9,51.3,50.45,50.55,88841474.0,47.2845,46.990874999999996,66.17633322669256,True,False,False,False
2025-07-23,50.6,50.85,50.55,50.7,63766890.0,47.404250000000005,47.0153125,67.12803797869265,True,False,False,False
2025-07-24,51.0,51.1,50.8,51.0,79659820.0,47.509750000000004,47.0390625,69.00635495944971,True,False,False,False
2025-07-25,51.0,51.1,50.8,50.9,38620389.0,47.61525,47.058875,67.61935104945633,True,False,False,False
2025-07-28,51.2,51.4,50.9,51.05,52312766.0,47.72125,47.0775,68.63764509694131,True,False,False,False
2025-07-29,51.05,51.05,50.25,50.45,102624231.0,47.828,47.093625,60.44884384964371,True,False,False,False
2025-07-30,50.8,51.1,50.65,51.0,82807206.0,47.944,47.11868750000001,64.61618224660717,True,False,False,False
2025-07-31,51.1,51.6,51.1,51.55,81565859.0,48.056999999999995,47.14693749999999,68.22205261224285,True,False,False,False
2025-08-01,50.8,51.2,50.65,51.1,98235777.0,48.17099999999999,47.172937499999996,62.6009578613404,True,False,False,False
2025-08-04,50.65,50.8,50.4,50.8,85556033.0,48.28274999999999,47.19175,59.10463835911769,True,False,False,True
2025-08-05,51.25,51.45,51.05,51.45,46655329.0,48.4085,47.2149375,63.81962035938493,True,False,False,False
2025-08-06,51.1,51.1,50.85,51.0,48326240.0,48.533249999999995,47.233687499999995,58.76799964987748,True,False,False,True
2025-08-07,51.65,52.6,51.65,52.45,125733157.0,48.685500000000005,47.255750000000006,67.6528916589651,True,False,False,False
2025-08-08,52.55,52.6,52.3,52.45,59604000.0,48.83575,47.277625,67.65289165896512,True,False,False,False
2025-08-11,52.35,53.1,52.05,52.85,71600855.0,49.01325,47.296375,69.73911468344009,True,False,False,False
2025-08-12,52.85,53.0,52.55,52.9,57519835.0,49.185500000000005,47.319624999999995,69.99957845479057,True,False,False,False
2025-08-13,53.15,53.4,52.95,53.35,75956144.0,49.346,47.344750000000005,72.30962988205938,True,False,False,False
2025-08-14,53.2,53.3,52.95,53.15,57038858.0,49.50075,47.362874999999995,69.73938461933237,True,False,False,False
2025-08-15,53.15,53.3,52.8,53.15,52736409.0,49.653999999999996,47.381062500000006,69.73938461933237,True,False,False,False
2025-08-18,52.95,53.35,52.8,53.3,46297216.0,49.801500000000004,47.4009375,70.64691832147916,True,False,False,False
2025-08-19,53.3,53.3,53.05,53.2,29425841.0,49.922250000000005,47.421937500000006,69.15783224607809,True,False,False,False
2025-08-20,52.55,52.6,51.5,51.7,223798736.0,50.01299999999999,47.436937500000006,51.5915125233762,True,False,False,True
2025-08-21,51.75,52.1,51.75,52.0,73508730.0,50.10974999999999,47.451437500000004,54.102492183054466,True,False,False,False
2025-08-22,52.05,52.1,51.65,51.75,44549133.0,50.201499999999996,47.465125,51.696012685648256,True,False,False,False
2025-08-25,52.45,52.95,52.35,52.7,62750061.0,50.312250000000006,47.48925,59.13457774424018,True,False,False,False
2025-08-26,52.55,52.85,52.3,52.75,40863870.0,50.42400000000001,47.513250000000006,59.488183223825104,True,False,False,False
2025-08-27,53.0,53.15,52.9,53.0,90133682.0,50.5326,47.54012500000001,61.291706329339085,True,False,False,False
2025-08-28,52.8,52.9,52.5,52.5,59176066.0,50.640600000000006,47.561437500000004,55.928913134863784,True,False,False,True
2025-08-29,52.8,52.95,52.5,52.5,36369305.0,50.75,47.581875,55.92891313486379,True,False,False,False
2025-09-01,52.15,52.45,51.75,52.0,76529981.0,50.857200000000006,47.597875,50.77638380826736,True,False,False,False
2025-09-02,52.3,52.5,51.95,52.0,33217612.0,50.947399999999995,47.61106250000001,50.77638380826736,True,False,False,False
2025-09-03,51.9,52.2,51.75,51.95,39472404.0,51.0228,47.6220625,50.239599724718495,True,False,False,False
2025-09-04,52.55,52.7,52.25,52.3,37461241.0,51.104000000000006,47.6346875,53.91245769494827,True,False,False,False
2025-09-05,52.7,52.9,52.65,52.85,37395300.0,51.19519999999999,47.6564375,59.03004316006008,True,False,False,False
2025-09-08,53.4,53.55,53.25,53.35,59980892.0,51.295,47.682249999999996,63.047217659026,True,False,False,False
2025-09-09,53.55,53.95,53.5,53.9,56315324.0,51.4002,47.713,66.89274364844107,True,False,False,False
2025-09-10,54.4,55.0,54.4,54.95,73272121.0,51.526199999999996,47.7473125,72.72774486502985,True,False,False,False
2025-09-11,55.55,55.9,55.25,55.45,84750243.0,51.6488,47.7875,74.98835372812698,True,False,False,False
2025-09-12,55.75,56.0,55.7,56.0,57457218.0,51.791599999999995,47.8271875,77.2247318845996,True,False,False,False
2025-09-15,56.0,56.05,55.8,56.0,52544684.0,51.940200000000004,47.867875000000005,77.22473188459959,True,False,False,False
2025-09-16,56.15,56.85,56.15,56.75,63314427.0,52.1082,47.91493750000001,80.0463216506907,True,False,False,False
2025-09-17,56.6,56.6,56.25,56.35,66204045.0,52.258199999999995,47.955375000000004,74.72888543170147,True,False,False,False
2025-09-18,56.5,56.95,56.25,56.95,44089588.0,52.409,47.9996875,77.17790553829762,True,False,False,False
2025-09-19,57.0,57.1,56.6,57.0,71674519.0,52.556599999999996,48.047375,77.37467882706002,True,False,False,False
2025-09-22,57.0,57.4,56.75,57.4,56355369.0,52.718,48.100500000000004,78.93912869296663,True,False,False,False
2025-09-23,57.85,58.6,57.85,58.45,89181458.0,52.88700000000001,48.15925,82.38277400812052,True,False,False,False
2025-09-24,58.7,58.95,58.1,58.4,90579906.0,53.047,48.2171875,81.69773158614936,True,False,False,False
2025-09-25,58.35,58.4,58.0,58.2,56318217.0,53.196999999999996,48.26856250000001,78.87251706130665,True,False,False,False
2025-09-26,57.9,57.9,56.85,57.25,158564436.0,53.313,48.311937500000006,67.01736628625599,True,False,False,False
2025-09-30,57.55,57.9,57.55,57.8,62389962.0,53.45099999999999,48.356625,69.84346060109822,True,False,False,False
2025-10-01,57.9,58.75,57.9,58.1,74531798.0,53.602000000000004,48.401500000000006,71.28856577398683,True,False,False,False
2025-10-02,59.0,59.25,58.85,59.2,72057003.0,53.772,48.45281250000001,75.85698164139848,True,False,False,False
2025-10-03,59.2,60.1,59.05,60.05,73601535.0,53.953,48.50806250000001,78.67997225048893,True,False,False,False
2025-10-07,61.0,61.7,60.9,61.7,132381054.0,54.169,48.5733125,82.86773720509572,True,False,False,False
2025-10-08,61.0,61.15,60.6,61.15,112448112.0,54.371,48.63793750000001,77.40950213548402,True,False,False,False
2025-10-09,61.85,61.95,61.5,61.6,72911291.0,54.593999999999994,48.702000000000005,78.6486593576419,True,False,False,False
2025-10-13,59.9,61.0,59.6,61.0,261787970.0,54.794,48.762875,72.90631567412038,True,False,False,False
2025-10-14,61.85,62.15,60.65,60.7,157148588.0,54.977000000000004,48.82125,70.14846518130075,True,False,False,False
2025-10-15,61.0,61.8,60.6,61.8,97216134.0,55.191,48.88387500000001,74.02790223716569,True,False,False,False
2025-10-16,62.1,63.0,62.1,63.0,112923095.0,55.435,48.95250000000001,77.46802918185736,True,False,False,False
2025-10-17,62.05,62.3,61.9,62.05,157583768.0,55.647000000000006,49.01975,69.60752058528607,True,False,False,False
2025-10-20,62.35,63.2,62.15,63.1,102880277.0,55.889,49.09450000000001,72.88263181703269,True,False,False,False
2025-10-21,63.4,63.65,63.05,63.2,124931191.0,56.104,49.1639375,73.17906662283917,True,False,False,False
2025-10-22,62.6,62.85,62.25,62.7,116660310.0,56.309000000000005,49.2301875,69.11104011712887,True,False,False,False
2025-10-23,62.1,62.4,61.75,62.35,161355781.0,56.499,49.2939375,66.33133719316503,True,False,False,False
2025-10-27,63.75,63.9,63.45,63.8,102297434.0,56.717000000000006,49.365125,71.45385086717012,True,False,False,False
2025-10-28,63.55,63.7,63.2,63.35,93730892.0,56.91700000000001,49.43325,67.99627608746822,True,False,False,False
2025-10-29,63.7,64.45,63.7,64.4,65206490.0,57.14200000000001,49.508,71.46582298561609,True,False,False,False
2025-10-30,64.6,64.8,64.0,64.4,91073965.0,57.367,49.5853125,71.46582298561609,True,False,False,False
2025-10-31,64.6,64.8,64.4,64.75,53629924.0,57.596,49.6665,72.61359437629422,True,False,False,False
2025-11-03,64.45,64.8,63.9,64.15,130638786.0,57.815,49.742250000000006,67.59402736073267,True,False,False,False
2025-11-04,64.5,64.85,63.85,63.95,83118781.0,58.06000000000001,49.8093125,65.95730633490214,True,False,False,False
2025-11-05,62.95,63.15,62.3,63.15,210997899.0,58.283,49.8695625,59.727359657021566,True,False,False,True
2025-11-06,63.35,63.5,63.15,63.3,65559913.0,58.514,49.934375,60.481083754045535,True,False,False,False
2025-11-07,62.65,62.75,62.4,62.55,102458588.0,58.711000000000006,49.998312500000004,54.9440444181478,True,False,False,True
2025-11-10,62.8,63.35,62.6,63.35,80256746.0,58.923,50.0663125,59.23146918256511,True,False,False,False
2025-11-11,63.65,63.7,62.85,62.9,75382949.0,59.121,50.1378125,56.00323781078154,True,False,False,False
2025-11-12,62.95,63.3,62.75,63.2,59822193.0,59.335,50.2093125,57.6599862408489,True,False,False,False
2025-11-13,62.8,62.95,62.6,62.9,74963633.0,59.543,50.28118750000001,55.412841956576706,True,False,False,False
2025-11-14,61.65,61.9,61.4,61.7,204108022.0,59.736999999999995,50.342125,47.44734282638567,True,False,False,False
2025-11-17,62.0,62.2,61.8,61.9,86927813.0,59.935,50.40625,48.76914839839352,True,False,False,False
2025-11-18,61.3,61.3,60.3,60.45,240526230.0,60.105,50.460625,40.763953869114715,True,False,False,False
2025-11-19,60.15,60.5,59.9,60.05,138705085.0,60.26,50.5125,38.86855013743447,False,True,False,False
2025-11-20,61.55,61.95,61.35,61.9,81330710.0,60.441,50.570375000000006,50.363842135019105,True,False,True,False
2025-11-21,60.1,60.15,59.5,59.85,299502200.0,60.571000000000005,50.62875,41.13350012131373,False,True,False,False
2025-11-24,60.1,60.1,59.45,59.55,153617414.0,60.684000000000005,50.6841875,39.978770128875006,False,True,False,False
2025-11-25,60.7,60.75,60.1,60.35,61913501.0,60.79200000000001,50.739937499999996,44.45662926861629,False,True,False,False
2025-11-26,61.1,61.5,61.0,61.35,73622900.0,60.91,50.799625000000006,49.525723202756275,True,False,False,False
2025-11-27,61.8,62.1,61.65,61.9,52209933.0,61.028,50.8609375,52.11424495895333,True,False,True,False
2025-11-28,61.95,62.4,61.85,62.35,66700125.0,61.155,50.9273125,54.184521900671974,True,False,False,False
2025-12-01,61.8,61.95,61.4,61.5,96548521.0,61.25,50.9879375,49.80444898399784,True,False,False,False
2025-12-02,61.8,62.2,61.65,61.7,41397425.0,61.357,51.0499375,50.81198628489551,True,False,True,False
2025-12-03,62.4,62.5,62.1,62.3,44855416.0,61.464000000000006,51.11600000000001,53.80751295923618,True,False,False,False
2025-12-04,62.4,62.5,62.0,62.2,38785824.0,61.568000000000005,51.1845,53.225719440069085,True,False,False,False
2025-12-05,62.45,62.75,62.35,62.75,45051403.0,61.675,51.252062499999994,56.04099668550771,True,False,False,False
2025-12-08,63.0,63.7,62.95,63.7,76124318.0,61.78,51.3235,60.467070486357464,True,False,False,False
2025-12-09,63.8,63.85,63.55,63.6,48271330.0,61.88400000000001,51.394875,59.784697340722296,True,False,False,True
2025-12-10,63.7,64.2,63.65,64.05,64151249.0,62.001000000000005,51.4694375,61.86999045815232,True,False,False,False
2025-12-11,64.3,64.5,63.2,63.35,94638653.0,62.123000000000005,51.53875,56.92517223379388,True,False,False,True
2025-12-12,63.55,63.8,63.3,63.45,57687594.0,62.236000000000004,51.61075000000001,57.4483786226564,True,False,False,False
2025-12-15,62.5,62.85,62.4,62.8,105905436.0,62.33,51.6826875,52.94658594467995,True,False,False,False
2025-12-16,62.1,62.25,61.7,62.25,155552766.0,62.391000000000005,51.750562499999994,49.417801341342816,False,True,False,False
2025-12-17,62.15,62.45,61.85,61.9,89657544.0,62.428000000000004,51.81943749999999,47.25924206773301,False,True,False,False
2025-12-18,61.8,62.1,61.55,61.9,112535790.0,62.431999999999995,51.893875,47.25924206773302,False,True,False,False
2025-12-19,62.4,62.75,62.35,62.5,79433169.0,62.458999999999996,51.972874999999995,51.47341954014086,True,False,True,False
2025-12-22,63.3,63.45,63.05,63.4,91596850.0,62.495,52.053312500000004,57.020944491652486,True,False,False,False
2025-12-23,63.5,63.8,63.5,63.7,100327038.0,62.54900000000001,52.1366875,58.71517857584355,True,False,False,False
2025-12-24,63.95,64.05,63.75,63.85,62393202.0,62.611999999999995,52.223,59.57328216430376,True,False,False,False
2025-12-26,64.2,64.5,64.1,64.4,68362335.0,62.66400000000001,52.3134375,62.63959849757501,True,False,False,False
2025-12-29,64.65,65.35,64.6,65.25,83563905.0,62.709,52.4121875,66.82725287702735,True,False,False,False
2025-12-30,64.9,65.3,64.75,65.15,58116367.0,62.770999999999994,52.5094375,65.8915142832301,True,False,False,False
2025-12-31,65.1,65.85,64.9,65.6,69494353.0,62.821000000000005,52.611062499999996,68.05895511014157,True,False,False,False
2026-01-02,66.0,67.0,65.8,66.95,77878570.0,62.896,52.7201875,73.49952514195313,True,False,False,False
2026-01-05,68.1,70.05,68.05,69.5,225924687.0,63.032,52.840125,80.3187972048283,True,False,False,False
2026-01-06,69.45,70.4,68.95,70.4,125256215.0,63.193000000000005,52.963625,82.07226133667628,True,False,False,False
2026-01-07,70.4,70.45,69.7,69.85,113869755.0,63.31400000000001,53.0871875,77.52656267524054,True,False,False,False
2026-01-08,69.65,70.35,69.4,70.1,71394567.0,63.449,53.207125000000005,78.11978545759032,True,False,False,False
2026-01-09,69.8,70.25,68.9,69.85,106682469.0,63.558,53.327687499999996,75.96044799618839,True,False,False,False
2026-01-12,70.5,70.55,70.05,70.35,80365400.0,63.67700000000001,53.45099999999999,77.31122953904621,True,False,False,False
2026-01-13,71.1,71.2,70.3,70.7,99445355.0,63.79600000000001,53.573687500000005,78.23323880127448,True,False,False,False
2026-01-14,70.95,71.1,70.65,70.75,82266008.0,63.928000000000004,53.69681250000001,78.36847659330773,True,False,False,False
2026-01-15,70.7,70.7,70.15,70.65,89452635.0,64.062,53.8238125,77.33360328854525,True,False,False,False
2026-01-16,71.75,72.1,71.2,72.0,97268614.0,64.239,53.9598125,80.9843055994011,True,False,False,False
2026-01-19,71.7,72.8,71.45,72.6,116848644.0,64.425,54.106875,82.3453003028948,True,False,False,False
2026-01-20,71.9,72.65,71.85,72.6,104977401.0,64.62599999999999,54.249500000000005,82.3453003028948,True,False,False,False
2026-01-21,71.8,72.5,71.7,71.85,161269608.0,64.79599999999999,54.38875,74.60445501123066,True,False,False,False
2026-01-22,71.9,72.05,71.6,71.8,96360058.0,64.97399999999999,54.54975,74.10432084301931,True,False,False,False
2026-01-23,72.1,72.3,71.8,72.25,68701320.0,65.155,54.719437500000005,75.6842466251658,True,False,False,False
2026-01-26,72.25,72.65,72.2,72.25,84082813.0,65.342,54.8979375,75.6842466251658,True,False,False,False
2026-01-27,72.4,73.15,72.35,73.05,70421120.0,65.569,55.0621875,78.40122032734851,True,False,False,False
2026-01-28,73.55,74.2,73.5,74.2,87294077.0,65.815,55.2275,81.58636880595073,True,False,False,False
2026-01-29,74.4,74.5,73.5,73.75,111905919.0,66.081,55.391625000000005,76.81290105915248,True,False,False,False
2026-01-30,73.15,73.2,72.3,72.6,159055585.0,66.332,55.54793750000001,66.15970418681914,True,False,False,False
2026-02-02,71.55,71.75,70.9,71.5,211262670.0,66.524,55.7025,57.88935204271573,True,False,False,True
2026-02-03,73.0,73.05,72.4,72.95,70926930.0,66.786,55.8665625,64.23590225820399,True,False,False,False
2026-02-04,72.4,73.15,72.3,72.9,56597222.0,67.053,56.029937499999996,63.87839367847982,True,False,False,False
2026-02-05,72.05,72.25,71.75,72.0,95746290.0,67.286,56.1916875,57.65790263573554,True,False,False,True
2026-02-06,71.4,72.25,70.8,71.9,102980565.0,67.497,56.35625,56.99379203935674,True,False,False,False
2026-02-09,74.05,74.15,73.75,73.95,118533745.0,67.738,56.522437499999995,65.71256087724652,True,False,False,False
