code,name,market,industry,isin,list_date
0050,元大台灣50,TWSE,,TW0000050004,2003/06/30
0051,元大中型100,TWSE,,TW0000051002,2006/08/31
0052,富邦科技,TWSE,,TW0000052000,2006/09/12
0053,元大電子,TWSE,,TW0000053008,2007/07/16
0055,元大MSCI金融,TWSE,,TW0000055003,2007/07/16
0056,元大高股息,TWSE,,TW0000056001,2007/12/26
0057,富邦摩台,TWSE,,TW0000057009,2008/02/27
0061,元大寶滬深,TWSE,,TW0000061001,2009/08/17
1101,台泥,TWSE,水泥工業,TW0001101004,1962/02/09
1102,亞泥,TWSE,水泥工業,TW0001102002,1962/06/08
1103,嘉泥,TWSE,水泥工業,TW0001103000,1969/11/14
1104,環泥,TWSE,水泥工業,TW0001104008,1971/02/01
1108,幸福,TWSE,水泥工業,TW0001108009,1990/06/06
1109,信大,TWSE,水泥工業,TW0001109007,1991/12/05
1110,東泥,TWSE,水泥工業,TW0001110005,1994/10/22
1201,味全,TWSE,食品工業,TW0001201002,1962/02/09
1203,味王,TWSE,食品工業,TW0001203008,1964/08/24
1210,大成,TWSE,食品工業,TW0001210003,1978/05/20
1213,大飲,TWSE,食品工業,TW0001213007,1981/04/10
1215,卜蜂,TWSE,食品工業,TW0001215002,1987/07/27
1216,統一,TWSE,食品工業,TW0001216000,1987/12/28
1217,愛之味,TWSE,食品工業,TW0001217008,1989/10/28
1218,泰山,TWSE,食品工業,TW0001218006,1989/11/11
1219,福壽,TWSE,食品工業,TW0001219004,1990/12/01
1220,台榮,TWSE,食品工業,TW0001220002,1991/11/20
1225,福懋油,TWSE,食品工業,TW0001225001,1993/09/27
1227,佳格,TWSE,食品工業,TW0001227007,1994/04/09
1229,聯華,TWSE,食品工業,TW0001229003,1976/07/19
1231,聯華食,TWSE,食品工業,TW0001231009,1995/11/02
1232,大統益,TWSE,食品工業,TW0001232007,1996/02/09
1233,天仁,TWSE,食品工業,TW0001233005,1999/01/20
1234,黑松,TWSE,食品工業,TW0001234003,1999/03/12
1235,興泰,TWSE,食品工業,TW0001235000,2000/09/11
1236,宏亞,TWSE,食品工業,TW0001236008,2001/09/17
1256,鮮活果汁-KY,TWSE,食品工業,KYG858681003,2016/03/17
1301,台塑,TWSE,塑膠工業,TW0001301000,1964/07/27
1303,南亞,TWSE,塑膠工業,TW0001303006,1967/11/05
1304,台聚,TWSE,塑膠工業,TW0001304004,1972/05/20
1305,華夏,TWSE,塑膠工業,TW0001305001,1973/03/05
1307,三芳,TWSE,塑膠工業,TW0001307007,1985/11/23
1308,亞聚,TWSE,塑膠工業,TW0001308005,1986/06/20
1309,台達化,TWSE,塑膠工業,TW0001309003,1986/06/27
1310,台苯,TWSE,塑膠工業,TW0001310001,1987/08/06
1312,國喬,TWSE,塑膠工業,TW0001312007,1988/12/21
1313,聯成,TWSE,塑膠工業,TW0001313005,1989/03/27
1314,中石化,TWSE,塑膠工業,TW0001314003,1991/07/12
1315,達新,TWSE,塑膠工業,TW0001315000,1992/05/09
1316,上曜,TWSE,建材營造業,TW0001316008,1992/10/15
1319,東陽,TWSE,汽車工業,TW0001319002,1994/12/12
1321,大洋,TWSE,塑膠工業,TW0001321008,1999/01/26
1323,永裕,TWSE,塑膠工業,TW0001323004,2000/09/11
1324,地球,TWSE,塑膠工業,TW0001324002,2000/09/11
1325,恆大,TWSE,塑膠工業,TW0001325009,2000/09/11
1326,台化,TWSE,塑膠工業,TW0001326007,1984/12/20
1337,再生-KY,TWSE,塑膠工業,KYG0539R1039,2011/07/01
1338,廣華-KY,TWSE,汽車工業,KYG451001070,2012/12/19
1339,昭輝,TWSE,汽車工業,TW0001339000,2012/04/24
1340,勝悅-KY,TWSE,塑膠工業,KYG935971054,2013/12/06
1341,富林-KY,TWSE,塑膠工業,KYG3730M1050,2018/12/24
1342,八貫,TWSE,其他業,TW0001342004,2020/11/24
1402,遠東新,TWSE,紡織纖維,TW0001402006,1967/04/14
1409,新纖,TWSE,紡織纖維,TW0001409001,1973/08/31
1410,南染,TWSE,紡織纖維,TW0001410009,1973/10/18
1413,宏洲,TWSE,紡織纖維,TW0001413003,1975/12/23
1414,東和,TWSE,紡織纖維,TW0001414001,1976/02/02
1416,廣豐,TWSE,其他業,TW0001416006,1976/04/20
1417,嘉裕,TWSE,紡織纖維,TW0001417004,1976/12/28
1418,東華,TWSE,紡織纖維,TW0001418002,1977/02/14
1419,新紡,TWSE,紡織纖維,TW0001419000,1977/03/14
1423,利華,TWSE,紡織纖維,TW0001423002,1979/04/02
1432,大魯閣,TWSE,運動休閒,TW0001432003,1982/07/26
1434,福懋,TWSE,紡織纖維,TW0001434009,1985/12/24
1435,中福,TWSE,其他業,TW0001435006,1987/12/28
1436,華友聯,TWSE,建材營造業,TW0001436004,1988/04/11
1437,勤益控,TWSE,其他業,TW0001437002,1988/11/10
1438,三地開發,TWSE,建材營造業,TW0001438000,1988/12/15
1439,雋揚,TWSE,建材營造業,TW0001439008,1989/05/22
1440,南紡,TWSE,紡織纖維,TW0001440006,1989/10/03
1441,大東,TWSE,紡織纖維,TW0001441004,1989/10/27
1442,名軒,TWSE,建材營造業,TW0001442002,1989/11/16
1443,立益物流,TWSE,其他業,TW0001443000,1990/04/21
1444,力麗,TWSE,紡織纖維,TW0001444008,1990/08/08
1445,大宇,TWSE,紡織纖維,TW0001445005,1991/02/05
1446,宏和,TWSE,紡織纖維,TW0001446003,1991/10/15
1447,力鵬,TWSE,紡織纖維,TW0001447001,1992/01/28
1449,佳和,TWSE,紡織纖維,TW0001449007,1992/03/12
1451,年興,TWSE,紡織纖維,TW0001451003,1992/12/21
1452,宏益,TWSE,紡織纖維,TW0001452001,1992/12/28
1453,大將,TWSE,建材營造業,TW0001453009,1993/04/19
1454,台富,TWSE,紡織纖維,TW0001454007,1993/05/07
1455,集盛,TWSE,紡織纖維,TW0001455004,1993/10/07
1456,怡華,TWSE,建材營造業,TW0001456002,1993/12/09
1457,宜進,TWSE,紡織纖維,TW0001457000,1994/10/20
1459,聯發,TWSE,紡織纖維,TW0001459006,1994/10/26
1460,宏遠,TWSE,紡織纖維,TW0001460004,1995/04/28
1463,強盛新,TWSE,紡織纖維,TW0001463008,1996/12/05
1464,得力,TWSE,紡織纖維,TW0001464006,1997/01/18
1465,偉全,TWSE,紡織纖維,TW0001465003,1997/09/08
1466,聚隆,TWSE,紡織纖維,TW0001466001,1998/04/04
1467,南緯,TWSE,紡織纖維,TW0001467009,1998/12/21
1468,昶和,TWSE,紡織纖維,TW0001468007,1999/01/21
1470,大統新創,TWSE,紡織纖維,TW0001470003,1999/05/21
1471,首利,TWSE,電子零組件業,TW0001471001,2000/03/06
1472,三洋實業,TWSE,建材營造業,TW0001472009,2000/09/11
1473,台南,TWSE,紡織纖維,TW0001473007,2000/09/11
1474,弘裕,TWSE,紡織纖維,TW0001474005,2000/10/31
1475,業旺,TWSE,紡織纖維,TW0001475002,2000/10/27
1476,儒鴻,TWSE,紡織纖維,TW0001476000,2001/04/18
1477,聚陽,TWSE,紡織纖維,TW0001477008,2003/01/21
1503,士電,TWSE,電機機械,TW0001503001,1969/12/15
1504,東元,TWSE,電機機械,TW0001504009,1973/11/05
1506,正道,TWSE,電機機械,TW0001506004,1980/08/11
1512,瑞利,TWSE,汽車工業,TW0001512002,1994/01/28
1513,中興電,TWSE,電機機械,TW0001513000,1994/03/08
1514,亞力,TWSE,電機機械,TW0001514008,1994/03/26
1515,力山,TWSE,電機機械,TW0001515005,1995/02/04
1516,川飛,TWSE,其他業,TW0001516003,1995/04/01
1517,利奇,TWSE,電機機械,TW0001517001,1995/11/14
1519,華城,TWSE,電機機械,TW0001519007,1997/04/16
1521,大億,TWSE,汽車工業,TW0001521003,1997/10/06
1522,堤維西,TWSE,汽車工業,TW0001522001,1997/10/06
1524,耿鼎,TWSE,汽車工業,TW0001524007,1998/10/30
1525,江申,TWSE,汽車工業,TW0001525004,1999/05/15
1526,日馳,TWSE,電機機械,TW0001526002,2000/03/27
1527,鑽全,TWSE,電機機械,TW0001527000,2000/06/21
1528,恩德,TWSE,電機機械,TW0001528008,2000/09/11
1529,樂事綠能,TWSE,電機機械,TW0001529006,2000/09/11
1530,亞崴,TWSE,電機機械,TW0001530004,2000/09/11
1531,高林股,TWSE,電機機械,TW0001531002,2000/09/11
1532,勤美,TWSE,電機機械,TW0001532000,2000/09/11
1533,車王電,TWSE,汽車工業,TW0001533008,2001/04/06
1535,中宇,TWSE,電機機械,TW0001535003,2001/09/17
1536,和大,TWSE,汽車工業,TW0001536001,2001/09/17
1537,廣隆,TWSE,電機機械,TW0001537009,2002/01/22
1538,正峰,TWSE,電機機械,TW0001538007,2002/08/26
1539,巨庭,TWSE,電機機械,TW0001539005,2002/10/29
1540,喬福,TWSE,電機機械,TW0001540003,2002/08/26
1541,錩泰,TWSE,電機機械,TW0001541001,2003/03/19
1558,伸興,TWSE,電機機械,TW0001558005,2014/12/23
1560,中砂,TWSE,電機機械,TW0001560001,2005/01/31
1563,巧新,TWSE,汽車工業,TW0001563005,2024/05/13
1568,倉佑,TWSE,汽車工業,TW0001568004,2014/05/14
1582,信錦,TWSE,電子零組件業,TW0001582005,2009/12/17
1583,程泰,TWSE,電機機械,TW0001583003,2008/01/24
1587,吉茂,TWSE,汽車工業,TW0001587004,2018/04/16
1589,永冠-KY,TWSE,電機機械,KYG984291065,2012/04/27
1590,亞德客-KY,TWSE,電機機械,KYG014081064,2010/12/13
1597,直得,TWSE,電機機械,TW0001597003,2020/12/23
1598,岱宇,TWSE,運動休閒,TW0001598001,2016/09/20
1603,華電,TWSE,電器電纜,TW0001603009,1968/06/03
1604,聲寶,TWSE,電器電纜,TW0001604007,1970/12/14
1605,華新,TWSE,電器電纜,TW0001605004,1972/11/03
1608,華榮,TWSE,電器電纜,TW0001608008,1988/07/11
1609,大亞,TWSE,電器電纜,TW0001609006,1988/12/12
1611,中電,TWSE,電器電纜,TW0001611002,1990/01/16
1612,宏泰,TWSE,電器電纜,TW0001612000,1993/05/08
1614,三洋電,TWSE,電器電纜,TW0001614006,1997/09/18
1615,大山,TWSE,電器電纜,TW0001615003,2000/03/30
1616,億泰,TWSE,電器電纜,TW0001616001,2000/09/11
1617,榮星,TWSE,電器電纜,TW0001617009,2000/09/11
1618,合機,TWSE,電器電纜,TW0001618007,2000/09/11
1623,大東電,TWSE,電器電纜,TW0001623007,2026/01/22
1626,艾美特-KY,TWSE,電器電纜,KYG0135T1076,2013/03/21
1702,南僑,TWSE,食品工業,TW0001702009,1973/05/30
1707,葡萄王,TWSE,生技醫療業,TW0001707008,1982/12/20
1708,東鹼,TWSE,化學工業,TW0001708006,1986/06/16
1709,和益,TWSE,化學工業,TW0001709004,1986/07/03
1710,東聯,TWSE,化學工業,TW0001710002,1987/10/21
1711,永光,TWSE,化學工業,TW0001711000,1988/12/27
1712,興農,TWSE,化學工業,TW0001712008,1989/12/14
1713,國化,TWSE,化學工業,TW0001713006,1990/01/31
1714,和桐,TWSE,化學工業,TW0001714004,1991/08/30
1717,長興,TWSE,化學工業,TW0001717007,1994/03/31
1718,中纖,TWSE,化學工業,TW0001718005,1963/12/02
1720,生達,TWSE,生技醫療業,TW0001720001,1995/12/12
1721,三晃,TWSE,化學工業,TW0001721009,1996/05/16
1722,台肥,TWSE,化學工業,TW0001722007,1998/03/24
1723,中碳,TWSE,化學工業,TW0001723005,1998/11/27
1725,元禎,TWSE,化學工業,TW0001725000,2000/09/11
1726,永記,TWSE,化學工業,TW0001726008,2000/09/11
1727,中華化,TWSE,化學工業,TW0001727006,2000/09/11
1730,花仙子,TWSE,化學工業,TW0001730000,2001/09/17
1731,美吾華,TWSE,生技醫療業,TW0001731008,2001/09/17
1732,毛寶,TWSE,化學工業,TW0001732006,2001/09/17
1733,五鼎,TWSE,生技醫療業,TW0001733004,2001/09/17
1734,杏輝,TWSE,生技醫療業,TW0001734002,2002/08/26
1735,日勝化,TWSE,化學工業,TW0001735009,2002/08/26
1736,喬山,TWSE,運動休閒,TW0001736007,2003/01/09
1737,臺鹽,TWSE,食品工業,TW0001737005,2003/11/18
1752,南光,TWSE,生技醫療業,TW0001752004,2022/01/19
1760,寶齡富錦,TWSE,生技醫療業,TW0001760007,2018/01/23
1762,中化生,TWSE,生技醫療業,TW0001762003,2010/12/20
1773,勝一,TWSE,化學工業,TW0001773000,2009/02/27
1776,展宇,TWSE,化學工業,TW0001776003,2016/05/09
1783,和康生,TWSE,生技醫療業,TW0001783009,2013/12/20
1786,科妍,TWSE,生技醫療業,TW0001786002,2013/11/12
1789,神隆,TWSE,生技醫療業,TW0001789006,2011/09/29
1795,美時,TWSE,生技醫療業,TW0001795003,2019/12/16
1802,台玻,TWSE,玻璃陶瓷,TW0001802007,1973/07/20
1805,寶徠,TWSE,建材營造業,TW0001805000,1989/10/20
1806,冠軍,TWSE,玻璃陶瓷,TW0001806008,1992/09/29
1808,潤隆,TWSE,建材營造業,TW0001808004,1994/10/26
1809,中釉,TWSE,玻璃陶瓷,TW0001809002,1996/04/30
1810,和成,TWSE,玻璃陶瓷,TW0001810000,1991/10/14
1817,凱撒衛,TWSE,玻璃陶瓷,TW0001817005,2013/10/24
1903,士紙,TWSE,造紙工業,TW0001903003,1963/12/09
1904,正隆,TWSE,造紙工業,TW0001904001,1971/09/10
1905,華紙,TWSE,造紙工業,TW0001905008,1975/02/07
1906,寶隆,TWSE,造紙工業,TW0001906006,1976/04/26
1907,永豐餘,TWSE,造紙工業,TW0001907004,1977/02/22
1909,榮成,TWSE,造紙工業,TW0001909000,1985/11/19
2002,中鋼,TWSE,鋼鐵工業,TW0002002003,1974/12/26
2006,東和鋼鐵,TWSE,鋼鐵工業,TW0002006004,1988/07/13
2007,燁興,TWSE,鋼鐵工業,TW0002007002,1988/10/04
2008,高興昌,TWSE,鋼鐵工業,TW0002008000,1988/12/28
2009,第一銅,TWSE,鋼鐵工業,TW0002009008,1989/10/20
2010,春源,TWSE,鋼鐵工業,TW0002010006,1989/12/22
2012,春雨,TWSE,鋼鐵工業,TW0002012002,1991/10/17
2013,中鋼構,TWSE,鋼鐵工業,TW0002013000,1992/01/21
2014,中鴻,TWSE,鋼鐵工業,TW0002014008,1992/02/20
2015,豐興,TWSE,鋼鐵工業,TW0002015005,1992/05/25
2017,官田鋼,TWSE,鋼鐵工業,TW0002017001,1992/11/02
2020,美亞,TWSE,鋼鐵工業,TW0002020005,1993/04/27
2022,聚亨,TWSE,鋼鐵工業,TW0002022001,1995/03/27
2023,燁輝,TWSE,鋼鐵工業,TW0002023009,1995/07/28
2024,志聯,TWSE,鋼鐵工業,TW0002024007,1995/12/30
2025,千興,TWSE,鋼鐵工業,TW0002025004,1996/02/08
2027,大成鋼,TWSE,鋼鐵工業,TW0002027000,1996/10/24
2028,威致,TWSE,鋼鐵工業,TW0002028008,1996/12/13
2029,盛餘,TWSE,鋼鐵工業,TW0002029006,1997/01/11
2030,彰源,TWSE,鋼鐵工業,TW0002030004,1998/12/24
2031,新光鋼,TWSE,鋼鐵工業,TW0002031002,2000/09/11
2032,新鋼,TWSE,鋼鐵工業,TW0002032000,2000/09/11
2033,佳大,TWSE,鋼鐵工業,TW0002033008,2000/09/11
2034,允強,TWSE,鋼鐵工業,TW0002034006,2001/09/17
2038,海光,TWSE,鋼鐵工業,TW0002038007,2008/12/30
2049,上銀,TWSE,電機機械,TW0002049004,2009/06/26
2059,川湖,TWSE,電子零組件業,TW0002059003,2008/06/25
2062,橋椿,TWSE,居家生活,TW0002062007,2007/11/16
2069,運錩,TWSE,鋼鐵工業,TW0002069002,2016/03/22
2101,南港,TWSE,橡膠工業,TW0002101003,1963/11/01
2102,泰豐,TWSE,橡膠工業,TW0002102001,1979/07/16
2103,台橡,TWSE,橡膠工業,TW0002103009,1982/09/25
2104,國際中橡,TWSE,橡膠工業,TW0002104007,1986/07/15
2105,正新,TWSE,橡膠工業,TW0002105004,1987/12/07
2106,建大,TWSE,橡膠工業,TW0002106002,1990/12/20
2107,厚生,TWSE,橡膠工業,TW0002107000,1992/03/03
2108,南帝,TWSE,橡膠工業,TW0002108008,1992/10/27
2109,華豐,TWSE,橡膠工業,TW0002109006,2000/05/08
2114,鑫永銓,TWSE,橡膠工業,TW0002114006,2010/12/29
2115,六暉-KY,TWSE,汽車工業,KYG5700L1086,2013/12/25
2201,裕隆,TWSE,汽車工業,TW0002201001,1976/07/08
2204,中華,TWSE,汽車工業,TW0002204005,1991/03/12
2206,三陽工業,TWSE,汽車工業,TW0002206000,1996/07/29
2207,和泰車,TWSE,汽車工業,TW0002207008,1997/02/25
2208,台船,TWSE,航運業,TW0002208006,2008/12/22
2211,長榮鋼,TWSE,鋼鐵工業,TW0002211000,2021/04/12
2227,裕日車,TWSE,汽車工業,TW0002227006,2004/12/21
2228,劍麟,TWSE,汽車工業,TW0002228004,2013/11/25
2231,為升,TWSE,汽車工業,TW0002231008,2010/11/19
2233,宇隆,TWSE,汽車工業,TW0002233004,2019/09/17
2236,百達-KY,TWSE,汽車工業,KYG693691092,2015/06/03
2239,英利-KY,TWSE,汽車工業,KYG1991F1081,2016/01/27
2241,艾姆勒,TWSE,汽車工業,TW0002241007,2020/08/26
2243,宏旭-KY,TWSE,汽車工業,KYG460651014,2017/09/27
2247,汎德永業,TWSE,汽車工業,TW0002247004,2020/10/12
2248,華勝-KY,TWSE,汽車工業,KYG8T24R1076,2025/03/13
2250,IKKA-KY,TWSE,汽車工業,KYG4R56R1099,2021/05/31
2254,巨鎧精密-創,TWSE,汽車工業,TW0002254000,2023/10/20
2258,鴻華先進-創,TWSE,汽車工業,TW0002258001,2023/11/20
2301,光寶科,TWSE,電腦及週邊設備業,TW0002301009,1995/11/17
2302,麗正,TWSE,半導體業,TW0002302007,1985/01/15
2303,聯電,TWSE,半導體業,TW0002303005,1985/07/16
2305,全友,TWSE,電腦及週邊設備業,TW0002305000,1988/10/21
2308,台達電,TWSE,電子零組件業,TW0002308004,1988/12/19
2312,金寶,TWSE,其他電子業,TW0002312006,1989/11/07
2313,華通,TWSE,電子零組件業,TW0002313004,1990/07/24
2314,台揚,TWSE,通信網路業,TW0002314002,1990/08/08
2316,楠梓電,TWSE,電子零組件業,TW0002316007,1991/02/05
2317,鴻海,TWSE,其他電子業,TW0002317005,1991/06/18
2321,東訊,TWSE,通信網路業,TW0002321007,1991/11/08
2323,中環,TWSE,光電業,TW0002323003,1992/02/17
2324,仁寶,TWSE,電腦及週邊設備業,TW0002324001,1992/02/18
2327,國巨*,TWSE,電子零組件業,TW0002327004,1993/10/22
2328,廣宇,TWSE,電子零組件業,TW0002328002,1993/11/09
2329,華泰,TWSE,半導體業,TW0002329000,1994/04/20
2330,台積電,TWSE,半導體業,TW0002330008,1994/09/05
2331,精英,TWSE,電腦及週邊設備業,TW0002331006,1994/09/21
2332,友訊,TWSE,通信網路業,TW0002332004,1994/10/17
2337,旺宏,TWSE,半導體業,TW0002337003,1995/03/15
2338,光罩,TWSE,半導體業,TW0002338001,1995/04/17
2340,台亞,TWSE,半導體業,TW0002340007,1995/05/02
2342,茂矽,TWSE,半導體業,TW0002342003,1995/09/19
2344,華邦電,TWSE,半導體業,TW0002344009,1995/10/18
2345,智邦,TWSE,通信網路業,TW0002345006,1995/11/15
2347,聯強,TWSE,電子通路業,TW0002347002,1995/12/13
2348,海悅,TWSE,其他業,TW0002348000,1996/01/05
2349,錸德,TWSE,光電業,TW0002349008,1996/04/23
2351,順德,TWSE,半導體業,TW0002351004,1996/04/25
2352,佳世達,TWSE,電腦及週邊設備業,TW0002352002,1996/07/22
2353,宏碁,TWSE,電腦及週邊設備業,TW0002353000,1996/09/18
2354,鴻準,TWSE,其他電子業,TW0002354008,1996/10/08
2355,敬鵬,TWSE,電子零組件業,TW0002355005,1996/10/14
2356,英業達,TWSE,電腦及週邊設備業,TW0002356003,1996/11/13
2357,華碩,TWSE,電腦及週邊設備業,TW0002357001,1996/11/14
2359,所羅門,TWSE,其他電子業,TW0002359007,1996/12/19
2360,致茂,TWSE,其他電子業,TW0002360005,1996/12/21
2362,藍天,TWSE,電腦及週邊設備業,TW0002362001,1997/04/02
2363,矽統,TWSE,半導體業,TW0002363009,1997/08/01
2364,倫飛,TWSE,電腦及週邊設備業,TW0002364007,1997/08/11
2365,昆盈,TWSE,電腦及週邊設備業,TW0002365004,1997/11/03
2367,燿華,TWSE,電子零組件業,TW0002367000,1997/12/13
2368,金像電,TWSE,電子零組件業,TW0002368008,1998/03/09
2369,菱生,TWSE,半導體業,TW0002369006,1998/04/10
2371,大同,TWSE,電機機械,TW0002371002,1962/02/09
2373,震旦行,TWSE,其他電子業,TW0002373008,1991/08/01
2374,佳能,TWSE,光電業,TW0002374006,1995/01/16
2375,凱美,TWSE,電子零組件業,TW0002375003,1998/08/29
2376,技嘉,TWSE,電腦及週邊設備業,TW0002376001,1998/09/24
2377,微星,TWSE,電腦及週邊設備業,TW0002377009,1998/10/31
2379,瑞昱,TWSE,半導體業,TW0002379005,1998/10/26
2380,虹光,TWSE,電腦及週邊設備業,TW0002380003,1998/12/03
2382,廣達,TWSE,電腦及週邊設備業,TW0002382009,1999/01/08
2383,台光電,TWSE,電子零組件業,TW0002383007,1998/11/27
2385,群光,TWSE,電子零組件業,TW0002385002,1999/01/05
2387,精元,TWSE,電腦及週邊設備業,TW0002387008,1999/01/25
2388,威盛,TWSE,半導體業,TW0002388006,1999/03/05
2390,云辰,TWSE,其他電子業,TW0002390002,1999/06/15
2392,正崴,TWSE,電子零組件業,TW0002392008,1999/09/20
2393,億光,TWSE,光電業,TW0002393006,1999/11/04
2395,研華,TWSE,電腦及週邊設備業,TW0002395001,1999/12/13
2397,友通,TWSE,電腦及週邊設備業,TW0002397007,2000/01/15
2399,映泰,TWSE,電腦及週邊設備業,TW0002399003,1999/12/16
2401,凌陽,TWSE,半導體業,TW0002401007,2000/01/27
2402,毅嘉,TWSE,電子零組件業,TW0002402005,2000/01/14
2404,漢唐,TWSE,其他電子業,TW0002404001,2000/03/14
2405,輔信,TWSE,電腦及週邊設備業,TW0002405008,2000/03/17
2406,國碩,TWSE,光電業,TW0002406006,2000/04/29
2408,南亞科,TWSE,半導體業,TW0002408002,2000/08/17
2409,友達,TWSE,光電業,TW0002409000,2000/09/08
2412,中華電,TWSE,通信網路業,TW0002412004,2000/10/27
2413,環科,TWSE,電子零組件業,TW0002413002,2000/09/11
2414,精技,TWSE,電子通路業,TW0002414000,2000/09/11
2415,錩新,TWSE,電子零組件業,TW0002415007,2000/09/11
2417,圓剛,TWSE,電腦及週邊設備業,TW0002417003,2000/09/11
2419,仲琦,TWSE,通信網路業,TW0002419009,2000/09/11
2420,新巨,TWSE,電子零組件業,TW0002420007,2000/09/11
2421,建準,TWSE,電子零組件業,TW0002421005,2000/09/11
2423,固緯,TWSE,其他電子業,TW0002423001,2000/09/11
2424,隴華,TWSE,通信網路業,TW0002424009,2000/09/11
2425,承啟,TWSE,電腦及週邊設備業,TW0002425006,2000/09/11
2426,鼎元,TWSE,光電業,TW0002426004,2000/09/11
2427,三商電,TWSE,資訊服務業,TW0002427002,2000/09/11
2428,興勤,TWSE,電子零組件業,TW0002428000,2000/09/11
2429,銘旺科,TWSE,光電業,TW0002429008,2000/09/11
2430,燦坤,TWSE,電子通路業,TW0002430006,2000/09/11
2431,聯昌,TWSE,電子零組件業,TW0002431004,2000/09/11
2432,倚天酷碁-創,TWSE,電腦及週邊設備業,TW0002432002,2023/05/31
2433,互盛電,TWSE,其他電子業,TW0002433000,2000/09/11
2434,統懋,TWSE,半導體業,TW0002434008,2000/09/11
2436,偉詮電,TWSE,半導體業,TW0002436003,2000/09/11
2438,翔耀,TWSE,光電業,TW0002438009,2000/09/11
2439,美律,TWSE,通信網路業,TW0002439007,2000/09/11
2440,太空梭,TWSE,電子零組件業,TW0002440005,2000/11/10
2441,超豐,TWSE,半導體業,TW0002441003,2000/10/26
2442,新美齊,TWSE,建材營造業,TW0002442001,2000/11/22
2444,兆勁,TWSE,通信網路業,TW0002444007,2000/12/08
2449,京元電子,TWSE,半導體業,TW0002449006,2001/05/09
2450,神腦,TWSE,通信網路業,TW0002450004,2001/05/24
2451,創見,TWSE,半導體業,TW0002451002,2001/05/03
2453,凌群,TWSE,資訊服務業,TW0002453008,2001/05/22
2454,聯發科,TWSE,半導體業,TW0002454006,2001/07/23
2455,全新,TWSE,通信網路業,TW0002455003,2002/01/24
2457,飛宏,TWSE,電子零組件業,TW0002457009,2001/09/17
2458,義隆,TWSE,半導體業,TW0002458007,2001/09/17
2459,敦吉,TWSE,其他電子業,TW0002459005,2001/09/17
2460,建通,TWSE,電子零組件業,TW0002460003,2001/09/17
2461,光群雷,TWSE,其他電子業,TW0002461001,2001/09/17
2462,良得電,TWSE,電子零組件業,TW0002462009,2001/09/17
2464,盟立,TWSE,其他電子業,TW0002464005,2001/09/17
2465,麗臺,TWSE,電腦及週邊設備業,TW0002465002,2001/09/19
2466,冠西電,TWSE,光電業,TW0002466000,2001/09/17
2467,志聖,TWSE,電子零組件業,TW0002467008,2001/09/17
2468,華經,TWSE,資訊服務業,TW0002468006,2001/09/17
2471,資通,TWSE,資訊服務業,TW0002471000,2001/09/17
2472,立隆電,TWSE,電子零組件業,TW0002472008,2001/09/17
2474,可成,TWSE,其他電子業,TW0002474004,2001/09/17
2476,鉅祥,TWSE,電子零組件業,TW0002476009,2001/09/17
2477,美隆電,TWSE,其他電子業,TW0002477007,2001/09/17
2478,大毅,TWSE,電子零組件業,TW0002478005,2001/09/17
2480,敦陽科,TWSE,資訊服務業,TW0002480001,2001/09/17
2481,強茂,TWSE,半導體業,TW0002481009,2001/09/17
2482,連宇,TWSE,其他電子業,TW0002482007,2001/09/17
2483,百容,TWSE,電子零組件業,TW0002483005,2001/09/17
2484,希華,TWSE,電子零組件業,TW0002484003,2001/09/17
2485,兆赫,TWSE,通信網路業,TW0002485000,2001/09/17
2486,一詮,TWSE,光電業,TW0002486008,2001/09/19
2488,漢平,TWSE,其他電子業,TW0002488004,2001/09/17
2489,瑞軒,TWSE,光電業,TW0002489002,2001/09/17
2491,吉祥全,TWSE,光電業,TW0002491008,2001/09/17
2492,華新科,TWSE,電子零組件業,TW0002492006,2001/09/17
2493,揚博,TWSE,電子零組件業,TW0002493004,2002/01/23
2495,普安,TWSE,電腦及週邊設備業,TW0002495009,2002/03/25
2496,卓越,TWSE,其他業,TW0002496007,2002/03/08
2497,怡利電,TWSE,汽車工業,TW0002497005,2002/02/04
2498,宏達電,TWSE,通信網路業,TW0002498003,2002/03/26
2501,國建,TWSE,建材營造業,TW0002501004,1967/10/28
2504,國產,TWSE,建材營造業,TW0002504008,1978/03/14
2505,國揚,TWSE,建材營造業,TW0002505005,1979/11/14
2506,太設,TWSE,建材營造業,TW0002506003,1980/02/02
2509,全坤建,TWSE,建材營造業,TW0002509007,1988/05/20
2511,太子,TWSE,建材營造業,TW0002511003,1991/04/24
2514,龍邦,TWSE,其他業,TW0002514007,1992/09/26
2515,中工,TWSE,建材營造業,TW0002515004,1993/03/02
2516,新建,TWSE,建材營造業,TW0002516002,1993/05/25
2520,冠德,TWSE,建材營造業,TW0002520004,1993/10/27
2524,京城,TWSE,建材營造業,TW0002524006,1994/10/18
2527,宏璟,TWSE,建材營造業,TW0002527009,1995/03/06
2528,皇普,TWSE,建材營造業,TW0002528007,1995/03/10
2530,華建,TWSE,建材營造業,TW0002530003,1995/10/12
2534,宏盛,TWSE,建材營造業,TW0002534005,1996/02/12
2535,達欣工,TWSE,建材營造業,TW0002535002,1996/03/11
2536,宏普,TWSE,建材營造業,TW0002536000,1996/03/14
2537,聯上發,TWSE,建材營造業,TW0002537008,1996/09/06
2538,基泰,TWSE,建材營造業,TW0002538006,1996/11/01
2539,櫻花建,TWSE,建材營造業,TW0002539004,1997/07/16
2540,愛山林,TWSE,建材營造業,TW0002540002,1989/12/26
2542,興富發,TWSE,建材營造業,TW0002542008,1999/05/03
2543,皇昌,TWSE,建材營造業,TW0002543006,1999/10/15
2545,皇翔,TWSE,建材營造業,TW0002545001,2000/09/11
2546,根基,TWSE,建材營造業,TW0002546009,2000/09/11
2547,日勝生,TWSE,建材營造業,TW0002547007,2000/12/22
2548,華固,TWSE,建材營造業,TW0002548005,2002/08/26
2597,潤弘,TWSE,建材營造業,TW0002597002,2010/03/26
2601,益航,TWSE,貿易百貨業,TW0002601002,1965/11/04
2603,長榮,TWSE,航運業,TW0002603008,1987/09/21
2605,新興,TWSE,航運業,TW0002605003,1989/12/08
2606,裕民,TWSE,航運業,TW0002606001,1990/12/08
2607,榮運,TWSE,航運業,TW0002607009,1990/12/14
2608,嘉里大榮,TWSE,航運業,TW0002608007,1990/12/20
2609,陽明,TWSE,航運業,TW0002609005,1992/04/20
2610,華航,TWSE,航運業,TW0002610003,1993/02/26
2611,志信,TWSE,航運業,TW0002611001,1993/10/28
2612,中航,TWSE,航運業,TW0002612009,1994/10/20
2613,中櫃,TWSE,航運業,TW0002613007,1995/01/20
2614,東森,TWSE,其他業,TW0002614005,1995/09/23
2615,萬海,TWSE,航運業,TW0002615002,1996/05/16
2616,山隆,TWSE,油電燃氣業,TW0002616000,1997/11/08
2617,台航,TWSE,航運業,TW0002617008,1998/06/24
2618,長榮航,TWSE,航運業,TW0002618006,2001/09/17
2630,亞航,TWSE,航運業,TW0002630001,2018/02/22
2633,台灣高鐵,TWSE,航運業,TW0002633005,2016/10/27
2634,漢翔,TWSE,航運業,TW0002634003,2014/08/25
2636,台驊控股,TWSE,航運業,TW0002636008,2016/12/22
2637,慧洋-KY,TWSE,航運業,KYG9721M1033,2010/12/01
2642,宅配通,TWSE,航運業,TW0002642006,2013/12/12
2645,長榮航太,TWSE,航運業,TW0002645009,2023/03/14
2646,星宇航空,TWSE,航運業,TW0002646007,2024/10/25
2701,萬企,TWSE,觀光餐旅,TW0002701000,1965/03/22
2702,華園,TWSE,觀光餐旅,TW0002702008,1965/02/14
2704,國賓,TWSE,觀光餐旅,TW0002704004,1982/11/10
2705,六福,TWSE,觀光餐旅,TW0002705001,1988/12/24
2706,第一店,TWSE,觀光餐旅,TW0002706009,1991/06/25
2707,晶華,TWSE,觀光餐旅,TW0002707007,1998/03/09
2712,遠雄來,TWSE,觀光餐旅,TW0002712007,2013/12/03
2722,夏都,TWSE,觀光餐旅,TW0002722006,2012/03/14
2723,美食-KY,TWSE,觀光餐旅,KYG4002A1004,2010/11/22
2727,王品,TWSE,觀光餐旅,TW0002727005,2012/03/06
2731,雄獅,TWSE,觀光餐旅,TW0002731007,2013/09/24
2739,寒舍,TWSE,觀光餐旅,TW0002739000,2016/05/19
2748,雲品,TWSE,觀光餐旅,TW0002748001,2016/11/23
2753,八方雲集,TWSE,觀光餐旅,TW0002753001,2021/09/09
2762,世界健身-KY,TWSE,運動休閒,KYG9823E1089,2024/01/24
2801,彰銀,TWSE,金融保險業,TW0002801008,1962/02/15
2812,台中銀,TWSE,金融保險業,TW0002812005,1984/05/15
2816,旺旺保,TWSE,金融保險業,TW0002816006,1992/05/05
2820,華票,TWSE,金融保險業,TW0002820008,1994/10/26
2832,台產,TWSE,金融保險業,TW0002832003,1997/09/30
2834,臺企銀,TWSE,金融保險業,TW0002834009,1998/01/03
2836,高雄銀,TWSE,金融保險業,TW0002836004,1998/05/18
2838,聯邦銀,TWSE,金融保險業,TW0002838000,1998/06/29
2845,遠東銀,TWSE,金融保險業,TW0002845005,1998/11/27
2849,安泰銀,TWSE,金融保險業,TW0002849007,1999/09/27
2850,新產,TWSE,金融保險業,TW0002850005,2000/05/22
2851,中再保,TWSE,金融保險業,TW0002851003,2000/07/06
2852,第一保,TWSE,金融保險業,TW0002852001,2000/11/28
2855,統一證,TWSE,金融保險業,TW0002855004,2002/09/16
2867,三商壽,TWSE,金融保險業,TW0002867009,2012/12/18
2880,華南金,TWSE,金融保險業,TW0002880002,2001/12/19
2881,富邦金,TWSE,金融保險業,TW0002881000,2001/12/19
2882,國泰金,TWSE,金融保險業,TW0002882008,2001/12/31
2883,凱基金,TWSE,金融保險業,TW0002883006,2001/12/28
2884,玉山金,TWSE,金融保險業,TW0002884004,2002/01/28
2885,元大金,TWSE,金融保險業,TW0002885001,2002/02/04
2886,兆豐金,TWSE,金融保險業,TW0002886009,2002/02/04
2887,台新新光金,TWSE,金融保險業,TW0002887007,2002/02/18
2889,國票金,TWSE,金融保險業,TW0002889003,2002/03/26
2890,永豐金,TWSE,金融保險業,TW0002890001,2002/05/09
2891,中信金,TWSE,金融保險業,TW0002891009,2002/05/17
2892,第一金,TWSE,金融保險業,TW0002892007,2003/01/02
2897,王道銀行,TWSE,金融保險業,TW0002897006,2017/05/05
2901,欣欣,TWSE,貿易百貨業,TW0002901006,1976/05/07
2903,遠百,TWSE,貿易百貨業,TW0002903002,1978/10/11
2904,匯僑,TWSE,其他業,TW0002904000,1983/01/05
2905,三商,TWSE,貿易百貨業,TW0002905007,1988/09/19
2906,高林,TWSE,貿易百貨業,TW0002906005,1989/12/26
2908,特力,TWSE,貿易百貨業,TW0002908001,1993/02/18
2910,統領,TWSE,貿易百貨業,TW0002910007,1996/12/30
2911,麗嬰房,TWSE,貿易百貨業,TW0002911005,1997/01/18
2912,統一超,TWSE,貿易百貨業,TW0002912003,1997/08/22
2913,農林,TWSE,貿易百貨業,TW0002913001,1962/02/09
2915,潤泰全,TWSE,貿易百貨業,TW0002915006,1977/07/20
2923,鼎固-KY,TWSE,建材營造業,KYG8190L1095,2012/12/07
2929,淘帝-KY,TWSE,貿易百貨業,KYG8922A1085,2013/12/30
2939,永邑-KY,TWSE,貿易百貨業,KYG108031074,2018/01/11
2945,三商家購,TWSE,貿易百貨業,TW0002945003,2021/11/30
3002,歐格,TWSE,電腦及週邊設備業,TW0003002002,2002/01/23
3003,健和興,TWSE,電子零組件業,TW0003003000,2002/02/19
3004,豐達科,TWSE,鋼鐵工業,TW0003004008,2002/02/25
3005,神基,TWSE,電腦及週邊設備業,TW0003005005,2002/02/25
3006,晶豪科,TWSE,半導體業,TW0003006003,2002/03/04
3008,大立光,TWSE,光電業,TW0003008009,2002/03/11
3010,華立,TWSE,電子通路業,TW0003010005,2002/07/22
3011,今皓,TWSE,電子零組件業,TW0003011003,2002/07/22
3013,晟銘電,TWSE,電腦及週邊設備業,TW0003013009,2002/09/16
3014,聯陽,TWSE,半導體業,TW0003014007,2002/10/29
3015,全漢,TWSE,電子零組件業,TW0003015004,2002/10/16
3016,嘉晶,TWSE,半導體業,TW0003016002,2002/12/24
3017,奇鋐,TWSE,電腦及週邊設備業,TW0003017000,2002/09/27
3018,隆銘綠能,TWSE,其他電子業,TW0003018008,2002/08/26
3019,亞光,TWSE,光電業,TW0003019006,2002/08/26
3021,鴻名,TWSE,電子零組件業,TW0003021002,2002/08/26
3022,威強電,TWSE,電腦及週邊設備業,TW0003022000,2002/08/26
3023,信邦,TWSE,電子零組件業,TW0003023008,2002/08/26
3024,憶聲,TWSE,光電業,TW0003024006,2002/08/26
3025,星通,TWSE,通信網路業,TW0003025003,2002/08/26
3026,禾伸堂,TWSE,電子零組件業,TW0003026001,2002/08/26
3027,盛達,TWSE,通信網路業,TW0003027009,2002/08/26
3028,增你強,TWSE,電子通路業,TW0003028007,2002/08/26
3029,零壹,TWSE,資訊服務業,TW0003029005,2002/08/26
3030,德律,TWSE,其他電子業,TW0003030003,2002/10/29
3031,佰鴻,TWSE,光電業,TW0003031001,2002/08/26
3032,偉訓,TWSE,電子零組件業,TW0003032009,2002/08/26
3033,威健,TWSE,電子通路業,TW0003033007,2002/08/26
3034,聯詠,TWSE,半導體業,TW0003034005,2002/08/26
3035,智原,TWSE,半導體業,TW0003035002,2002/08/26
3036,文曄,TWSE,電子通路業,TW0003036000,2002/08/26
3037,欣興,TWSE,電子零組件業,TW0003037008,2002/08/26
3038,全台,TWSE,光電業,TW0003038006,2002/08/26
3040,遠見,TWSE,其他業,TW0003040002,2002/08/26
3041,揚智,TWSE,半導體業,TW0003041000,2002/08/26
3042,晶技,TWSE,電子零組件業,TW0003042008,2002/08/26
3043,科風,TWSE,其他電子業,TW0003043006,2002/08/26
3044,健鼎,TWSE,電子零組件業,TW0003044004,2002/08/26
3045,台灣大,TWSE,通信網路業,TW0003045001,2002/08/26
3046,建碁,TWSE,電腦及週邊設備業,TW0003046009,2002/08/26
3047,訊舟,TWSE,通信網路業,TW0003047007,2002/08/26
3048,益登,TWSE,電子通路業,TW0003048005,2002/10/01
3049,精金,TWSE,光電業,TW0003049003,2002/09/27
3050,鈺德,TWSE,光電業,TW0003050001,2002/10/29
3051,力特,TWSE,光電業,TW0003051009,2002/10/28
3052,夆典,TWSE,建材營造業,TW0003052007,1995/11/25
3054,立萬利,TWSE,食品工業,TW0003054003,2002/11/18
3055,蔚華科,TWSE,電子通路業,TW0003055000,2002/12/12
3056,富華新,TWSE,建材營造業,TW0003056008,2003/03/03
3057,喬鼎,TWSE,電腦及週邊設備業,TW0003057006,2002/12/18
3058,立德,TWSE,電子零組件業,TW0003058004,2002/12/09
3059,華晶科,TWSE,光電業,TW0003059002,2002/12/24
3060,銘異,TWSE,電腦及週邊設備業,TW0003060000,2003/04/21
3062,建漢,TWSE,通信網路業,TW0003062006,2003/07/28
3090,日電貿,TWSE,電子零組件業,TW0003090007,2007/12/31
3092,鴻碩,TWSE,電子零組件業,TW0003092003,2021/05/13
3094,聯傑,TWSE,半導體業,TW0003094009,2007/08/06
3130,一零四,TWSE,數位雲端,TW0003130001,2006/02/17
3135,凌航,TWSE,半導體業,TW0003135000,2025/08/06
3138,耀登,TWSE,通信網路業,TW0003138004,2020/12/11
3149,正達,TWSE,光電業,TW0003149001,2011/11/23
3150,鈺寶-創,TWSE,半導體業,TW0003150009,2024/06/27
3164,景岳,TWSE,生技醫療業,TW0003164000,2010/03/22
3167,大量,TWSE,電機機械,TW0003167003,2013/10/21
3168,眾福科,TWSE,光電業,TW0003168001,2024/03/26
3189,景碩,TWSE,半導體業,TW0003189007,2004/11/01
3209,全科,TWSE,電子通路業,TW0003209003,2008/11/26
3229,晟鈦,TWSE,電子零組件業,TW0003229001,2009/12/31
3231,緯創,TWSE,電腦及週邊設備業,TW0003231007,2003/08/19
3257,虹冠電,TWSE,半導體業,TW0003257002,2011/03/21
3266,昇陽,TWSE,建材營造業,TW0003266003,2014/12/24
3296,勝德,TWSE,電子零組件業,TW0003296000,2007/12/31
3305,昇貿,TWSE,其他電子業,TW0003305009,2008/07/10
3308,聯德,TWSE,電子零組件業,TW0003308003,2008/03/12
3311,閎暉,TWSE,通信網路業,TW0003311007,2004/03/08
3312,弘憶股,TWSE,電子通路業,TW0003312005,2010/12/29
3321,同泰,TWSE,電子零組件業,TW0003321006,2015/12/15
3338,泰碩,TWSE,電子零組件業,TW0003338000,2013/12/13
3346,麗清,TWSE,汽車工業,TW0003346003,2016/12/19
3356,奇偶,TWSE,光電業,TW0003356002,2005/03/28
3376,新日興,TWSE,電子零組件業,TW0003376000,2007/12/31
3380,明泰,TWSE,通信網路業,TW0003380002,2004/12/20
3406,玉晶光,TWSE,光電業,TW0003406005,2005/12/20
3413,京鼎,TWSE,半導體業,TW0003413001,2015/07/28
3416,融程電,TWSE,電腦及週邊設備業,TW0003416004,2015/01/23
3419,譁裕,TWSE,通信網路業,TW0003419008,2008/01/21
3432,台端,TWSE,電子零組件業,TW0003432001,2010/12/30
3437,榮創,TWSE,光電業,TW0003437000,2014/07/09
3443,創意,TWSE,半導體業,TW0003443008,2006/11/03
3447,展達,TWSE,通信網路業,TW0003447009,2022/12/15
3450,聯鈞,TWSE,半導體業,TW0003450003,2006/04/12
3454,晶睿,TWSE,光電業,TW0003454005,2011/07/22
3481,群創,TWSE,光電業,TW0003481008,2006/10/24
3494,誠研,TWSE,電腦及週邊設備業,TW0003494001,2007/12/13
3501,維熹,TWSE,電子零組件業,TW0003501003,2007/09/20
3504,揚明光,TWSE,光電業,TW0003504007,2007/01/26
3515,華擎,TWSE,電腦及週邊設備業,TW0003515003,2007/11/08
3518,柏騰,TWSE,其他電子業,TW0003518007,2007/11/28
3528,安馳,TWSE,電子通路業,TW0003528006,2016/05/18
3530,晶相光,TWSE,半導體業,TW0003530002,2018/07/16
3532,台勝科,TWSE,半導體業,TW0003532008,2007/12/10
3533,嘉澤,TWSE,電子零組件業,TW0003533006,2007/12/10
3535,晶彩科,TWSE,光電業,TW0003535001,2008/01/31
3543,州巧,TWSE,光電業,TW0003543005,2020/04/15
3545,敦泰,TWSE,半導體業,TW0003545000,2007/07/03
3550,聯穎,TWSE,電子零組件業,TW0003550000,2010/11/10
3557,嘉威,TWSE,居家生活,TW0003557005,2008/02/27
3563,牧德,TWSE,光電業,TW0003563003,2019/04/02
3576,聯合再生,TWSE,光電業,TW0003576005,2009/01/12
3583,辛耘,TWSE,半導體業,TW0003583001,2013/03/12
3588,通嘉,TWSE,半導體業,TW0003588000,2009/08/14
3591,艾笛森,TWSE,光電業,TW0003591004,2010/11/12
3592,瑞鼎,TWSE,半導體業,TW0003592002,2022/01/07
3593,力銘,TWSE,電子零組件業,TW0003593000,2009/03/16
3596,智易,TWSE,通信網路業,TW0003596003,2009/03/11
3605,宏致,TWSE,電子零組件業,TW0003605002,2009/03/26
3607,谷崧,TWSE,電子零組件業,TW0003607008,2009/10/28
3617,碩天,TWSE,其他電子業,TW0003617007,2009/12/23
3622,洋華,TWSE,光電業,TW0003622007,2009/03/25
3645,達邁,TWSE,電子零組件業,TW0003645008,2011/10/05
3652,精聯,TWSE,電腦及週邊設備業,TW0003652004,2022/09/21
3653,健策,TWSE,電子零組件業,TW0003653002,2009/11/18
3661,世芯-KY,TWSE,半導體業,KYG022421088,2014/10/28
3665,貿聯-KY,TWSE,其他電子業,KYG114741062,2011/04/21
3669,圓展,TWSE,通信網路業,TW0003669008,2011/08/25
3673,TPK-KY,TWSE,光電業,KYG898431096,2010/10/29
3679,新至陞,TWSE,電子零組件業,TW0003679007,2011/10/05
3686,達能,TWSE,半導體業,TW0003686002,2010/07/20
3694,海華,TWSE,通信網路業,TW0003694006,2011/05/03
3701,大眾控,TWSE,電腦及週邊設備業,TW0003701009,2004/08/30
3702,大聯大,TWSE,電子通路業,TW0003702007,2005/11/09
3703,欣陸,TWSE,建材營造業,TW0003703005,2010/04/08
3704,合勤控,TWSE,通信網路業,TW0003704003,2010/08/16
3705,永信,TWSE,生技醫療業,TW0003705000,2011/01/03
3706,神達,TWSE,電腦及週邊設備業,TW0003706008,2013/09/12
3708,上緯投控,TWSE,綠能環保,TW0003708004,2016/08/31
3711,日月光投控,TWSE,半導體業,TW0003711008,2018/04/30
3712,永崴投控,TWSE,電腦及週邊設備業,TW0003712006,2018/10/01
3714,富采,TWSE,光電業,TW0003714002,2021/01/06
3715,定穎投控,TWSE,電子零組件業,TW0003715009,2022/08/25
3716,中化控股,TWSE,生技醫療業,TW0003716007,2024/09/02
3717,聯嘉投控,TWSE,汽車工業,TW0003717005,2018/05/09
4104,佳醫,TWSE,生技醫療業,TW0004104005,2007/12/31
4106,雃博,TWSE,生技醫療業,TW0004106000,2004/11/08
4108,懷特,TWSE,生技醫療業,TW0004108006,2008/07/16
4119,旭富,TWSE,生技醫療業,TW0004119003,2004/01/07
4133,亞諾法,TWSE,生技醫療業,TW0004133004,2009/12/28
4137,麗豐-KY,TWSE,生技醫療業,KYG211641017,2013/11/27
4142,國光生,TWSE,生技醫療業,TW0004142005,2012/05/03
4148,全宇生技-KY,TWSE,生技醫療業,KYG0232P1072,2017/06/08
4155,訊映,TWSE,生技醫療業,TW0004155007,2017/12/05
4164,承業醫,TWSE,生技醫療業,TW0004164009,2012/10/24
4190,佐登-KY,TWSE,生技醫療業,KYG518761039,2015/10/21
4306,炎洲,TWSE,塑膠工業,TW0004306006,2008/01/21
4414,如興,TWSE,紡織纖維,TW0004414008,2004/09/06
4426,利勤,TWSE,紡織纖維,TW0004426002,2011/12/16
4438,廣越,TWSE,紡織纖維,TW0004438007,2016/10/18
4439,冠星-KY,TWSE,紡織纖維,KYG9114F1037,2019/12/05
4440,宜新實業,TWSE,紡織纖維,TW0004440003,2021/10/25
4441,振大環球,TWSE,紡織纖維,TW0004441001,2025/09/09
4526,東台,TWSE,電機機械,TW0004526009,2003/09/15
4532,瑞智,TWSE,電機機械,TW0004532007,2003/08/04
4536,拓凱,TWSE,運動休閒,TW0004536008,2013/10/09
4540,全球傳動,TWSE,電機機械,TW0004540000,2018/08/15
4545,銘鈺,TWSE,電子零組件業,TW0004545009,2016/01/06
4551,智伸科,TWSE,汽車工業,TW0004551007,2015/08/10
4552,力達-KY,TWSE,電機機械,KYG5479W1033,2016/07/20
4555,氣立,TWSE,電機機械,TW0004555008,2015/10/27
4557,永新-KY,TWSE,汽車工業,KYG988461011,2015/10/12
4560,強信-KY,TWSE,電機機械,KYG853531039,2017/05/26
4562,穎漢,TWSE,電機機械,TW0004562004,2017/08/21
4564,元翎,TWSE,電機機械,TW0004564000,2019/03/07
4566,時碩工業,TWSE,電機機械,TW0004566005,2018/02/05
4569,六方科-KY,TWSE,汽車工業,KYG8192T1004,2023/07/31
4571,鈞興-KY,TWSE,電機機械,KYG5258M1024,2019/09/17
4572,駐龍,TWSE,電機機械,TW0004572003,2019/09/10
4576,大銀微系統,TWSE,電機機械,TW0004576004,2019/09/04
4581,光隆精密-KY,TWSE,汽車工業,KYG977291007,2020/03/09
4583,台灣精銳,TWSE,電機機械,TW0004583000,2022/05/09
4585,達明,TWSE,其他電子業,TW0004585005,2025/09/26
4588,玖鼎電力,TWSE,其他電子業,TW0004588009,2024/01/29
4590,富田-創,TWSE,電機機械,TW0004590005,2026/01/29
4720,德淵,TWSE,化學工業,TW0004720008,2015/06/24
4722,國精化,TWSE,化學工業,TW0004722004,2012/08/15
4736,泰博,TWSE,生技醫療業,TW0004736004,2023/12/22
4737,華廣,TWSE,生技醫療業,TW0004737002,2010/12/23
4739,康普,TWSE,化學工業,TW0004739008,2017/09/08
4746,台耀,TWSE,生技醫療業,TW0004746003,2011/03/01
4755,三福化,TWSE,化學工業,TW0004755004,2013/11/27
4763,材料*-KY,TWSE,化學工業,KYG5138S1057,2015/11/09
4764,雙鍵,TWSE,化學工業,TW0004764006,2018/01/04
4766,南寶,TWSE,化學工業,TW0004766001,2018/11/28
4770,上品,TWSE,化學工業,TW0004770003,2021/12/22
4771,望隼,TWSE,生技醫療業,TW0004771001,2024/03/18
4807,日成-KY,TWSE,貿易百貨業,KYG7473R1065,2017/06/26
4904,遠傳,TWSE,通信網路業,TW0004904008,2005/08/24
4906,正文,TWSE,通信網路業,TW0004906003,2003/06/30
4912,聯德控股-KY,TWSE,電子零組件業,KYG545091079,2015/05/21
4915,致伸,TWSE,電子零組件業,TW0004915004,2012/10/05
4916,事欣科,TWSE,電腦及週邊設備業,TW0004916002,2013/11/21
4919,新唐,TWSE,半導體業,TW0004919006,2010/09/27
4927,泰鼎-KY,TWSE,電子零組件業,KYG0407M1033,2015/09/08
4930,燦星網,TWSE,電器電纜,TW0004930003,2010/06/21
4934,太極,TWSE,光電業,TW0004934005,2010/03/10
4935,茂林-KY,TWSE,光電業,KYG3931M1024,2011/07/28
4938,和碩,TWSE,電腦及週邊設備業,TW0004938006,2010/06/24
4942,嘉彰,TWSE,光電業,TW0004942008,2011/06/27
4943,康控-KY,TWSE,電子零組件業,KYG2346M1033,2016/11/11
4949,有成精密,TWSE,光電業,TW0004949003,2024/05/09
4952,凌通,TWSE,半導體業,TW0004952007,2011/11/01
4956,光鋐,TWSE,光電業,TW0004956008,2011/10/24
4958,臻鼎-KY,TWSE,電子零組件業,KYG989221000,2011/12/26
4960,誠美材,TWSE,光電業,TW0004960000,2011/10/24
4961,天鈺,TWSE,半導體業,TW0004961008,2018/10/17
4967,十銓,TWSE,半導體業,TW0004967005,2019/01/14
4968,立積,TWSE,半導體業,TW0004968003,2015/11/13
4976,佳凌,TWSE,光電業,TW0004976006,2012/11/20
4977,眾達-KY,TWSE,通信網路業,KYG6956N1034,2013/11/20
4989,榮科,TWSE,電子零組件業,TW0004989009,2018/06/28
4994,傳奇,TWSE,資訊服務業,TW0004994009,2013/12/25
4999,鑫禾,TWSE,電子零組件業,TW0004999008,2013/06/03
5007,三星,TWSE,鋼鐵工業,TW0005007009,2011/09/16
5203,訊連,TWSE,資訊服務業,TW0005203004,2004/09/27
5215,科嘉-KY,TWSE,電腦及週邊設備業,KYG530791022,2011/12/26
5222,全訊,TWSE,半導體業,TW0005222004,2021/10/25
5225,東科-KY,TWSE,其他電子業,KYG291021031,2012/11/05
5234,達興材料,TWSE,光電業,TW0005234009,2012/07/16
5243,乙盛-KY,TWSE,光電業,KYG312361051,2013/11/25
5244,弘凱,TWSE,光電業,TW0005244008,2022/01/19
5258,虹堡,TWSE,電腦及週邊設備業,TW0005258008,2016/12/30
5269,祥碩,TWSE,半導體業,TW0005269005,2012/12/12
5283,禾聯碩,TWSE,電器電纜,TW0005283006,2019/05/24
5284,jpp-KY,TWSE,其他業,KYG521131006,2017/03/09
5285,界霖,TWSE,半導體業,TW0005285001,2014/02/25
5288,豐祥-KY,TWSE,電機機械,KYG314551014,2014/09/25
5292,華懋,TWSE,綠能環保,TW0005292007,2020/01/07
5306,桂盟,TWSE,運動休閒,TW0005306005,2022/03/08
5388,中磊,TWSE,通信網路業,TW0005388003,2007/12/03
5434,崇越,TWSE,電子通路業,TW0005434005,2003/08/25
5469,瀚宇博,TWSE,電子零組件業,TW0005469001,2003/08/25
5471,松翰,TWSE,半導體業,TW0005471007,2003/08/25
5484,慧友,TWSE,光電業,TW0005484000,2003/08/25
5515,建國,TWSE,建材營造業,TW0005515001,2003/10/06
5519,隆大,TWSE,建材營造業,TW0005519003,2014/02/10
5521,工信,TWSE,建材營造業,TW0005521009,2012/12/18
5522,遠雄,TWSE,建材營造業,TW0005522007,2007/08/06
5525,順天,TWSE,建材營造業,TW0005525000,2004/11/26
5531,鄉林,TWSE,建材營造業,TW0005531008,2005/01/31
5533,皇鼎,TWSE,建材營造業,TW0005533004,2008/04/30
5534,長虹,TWSE,建材營造業,TW0005534002,2004/05/24
5538,東明-KY,TWSE,鋼鐵工業,KYG8919A1031,2013/12/16
5546,永固-KY,TWSE,建材營造業,KYG566541093,2020/05/20
5607,遠雄港,TWSE,航運業,TW0005607006,2004/12/02
5608,四維航,TWSE,航運業,TW0005608004,2003/08/25
5706,鳳凰,TWSE,觀光餐旅,TW0005706006,2011/10/21
5871,中租-KY,TWSE,其他業,KYG202881093,2011/12/13
5876,上海商銀,TWSE,金融保險業,TW0005876007,2018/10/19
5880,合庫金,TWSE,金融保險業,TW0005880009,2011/12/01
5906,台南-KY,TWSE,貿易百貨業,KYG8661M1078,2011/10/24
5907,大洋-KY,TWSE,貿易百貨業,KYG4064G1029,2012/06/06
6005,群益證,TWSE,金融保險業,TW0006005002,2005/11/21
6024,群益期,TWSE,金融保險業,TW0006024003,2017/10/16
6108,競國,TWSE,電子零組件業,TW0006108004,2008/12/30
6112,邁達特,TWSE,資訊服務業,TW0006112006,2003/08/04
6115,鎰勝,TWSE,電子零組件業,TW0006115009,2004/07/19
6116,彩晶,TWSE,光電業,TW0006116007,2004/09/06
6117,迎廣,TWSE,電腦及週邊設備業,TW0006117005,2003/08/25
6120,達運,TWSE,光電業,TW0006120009,2006/09/13
6128,上福,TWSE,電腦及週邊設備業,TW0006128002,2003/06/16
6133,金橋,TWSE,電子零組件業,TW0006133002,2003/08/15
6136,富爾特,TWSE,通信網路業,TW0006136005,2003/08/25
6139,亞翔,TWSE,其他電子業,TW0006139009,2003/08/25
6141,柏承,TWSE,電子零組件業,TW0006141005,2003/10/22
6142,友勁,TWSE,通信網路業,TW0006142003,2003/08/04
6152,百一,TWSE,通信網路業,TW0006152002,2009/12/08
6153,嘉聯益,TWSE,電子零組件業,TW0006153000,2008/01/21
6155,鈞寶,TWSE,電子零組件業,TW0006155005,2006/08/18
6164,華興,TWSE,光電業,TW0006164007,2008/10/21
6165,浪凡,TWSE,數位雲端,TW0006165004,2003/08/04
6166,凌華,TWSE,電腦及週邊設備業,TW0006166002,2004/11/08
6168,宏齊,TWSE,光電業,TW0006168008,2003/08/25
6176,瑞儀,TWSE,光電業,TW0006176001,2007/05/15
6177,達麗,TWSE,建材營造業,TW0006177009,2013/08/01
6183,關貿,TWSE,資訊服務業,TW0006183007,2011/12/01
6184,大豐電,TWSE,其他業,TW0006184005,2005/02/15
6189,豐藝,TWSE,電子通路業,TW0006189004,2004/05/24
6191,精成科,TWSE,電子零組件業,TW0006191000,2007/10/19
6192,巨路,TWSE,其他電子業,TW0006192008,2004/09/27
6196,帆宣,TWSE,其他電子業,TW0006196009,2004/05/24
6197,佳必琪,TWSE,電子零組件業,TW0006197007,2004/11/08
6201,亞弘電,TWSE,其他電子業,TW0006201007,2004/09/27
6202,盛群,TWSE,半導體業,TW0006202005,2004/09/27
6205,詮欣,TWSE,電子零組件業,TW0006205008,2008/01/21
6206,飛捷,TWSE,電腦及週邊設備業,TW0006206006,2004/08/03
6209,今國光,TWSE,光電業,TW0006209000,2004/11/08
6213,聯茂,TWSE,電子零組件業,TW0006213002,2008/01/21
6214,精誠,TWSE,資訊服務業,TW0006214000,2010/12/30
6215,和椿,TWSE,其他電子業,TW0006215007,2007/12/31
6216,居易,TWSE,通信網路業,TW0006216005,2004/09/27
6224,聚鼎,TWSE,電子零組件業,TW0006224009,2009/09/17
6225,天瀚,TWSE,光電業,TW0006225006,2004/09/27
6226,光鼎,TWSE,光電業,TW0006226004,2008/11/10
6230,尼得科超眾,TWSE,電腦及週邊設備業,TW0006230006,2010/09/16
6235,華孚,TWSE,電腦及週邊設備業,TW0006235005,2004/08/23
6239,力成,TWSE,半導體業,TW0006239007,2004/11/08
6243,迅杰,TWSE,半導體業,TW0006243009,2009/12/17
6257,矽格,TWSE,半導體業,TW0006257009,2003/08/25
6269,台郡,TWSE,電子零組件業,TW0006269004,2003/09/23
6271,同欣電,TWSE,半導體業,TW0006271000,2007/11/16
6272,驊陞,TWSE,電子零組件業,TW0006272008,2025/12/22
6277,宏正,TWSE,電腦及週邊設備業,TW0006277007,2003/10/30
6278,台表科,TWSE,光電業,TW0006278005,2010/08/24
6281,全國電,TWSE,電子通路業,TW0006281009,2005/12/08
6282,康舒,TWSE,電子零組件業,TW0006282007,2003/09/08
6283,淳安,TWSE,其他電子業,TW0006283005,2008/01/21
6285,啟碁,TWSE,通信網路業,TW0006285000,2003/09/22
6405,悅城,TWSE,光電業,TW0006405004,2013/11/28
6409,旭隼,TWSE,其他電子業,TW0006409006,2014/03/31
6412,群電,TWSE,電子零組件業,TW0006412000,2013/11/08
6414,樺漢,TWSE,電腦及週邊設備業,TW0006414006,2014/03/28
6415,矽力*-KY,TWSE,半導體業,KYG8190F1028,2013/12/12
6416,瑞祺電通,TWSE,通信網路業,TW0006416001,2018/04/16
6426,統新,TWSE,通信網路業,TW0006426000,2021/03/24
6431,光麗-KY,TWSE,生技醫療業,KYG532651075,2014/12/04
6438,迅得,TWSE,其他電子業,TW0006438005,2021/01/19
6442,光聖,TWSE,通信網路業,TW0006442007,2015/07/14
6443,元晶,TWSE,光電業,TW0006443005,2015/10/01
6446,藥華藥,TWSE,生技醫療業,TW0006446008,2024/01/25
6449,鈺邦,TWSE,電子零組件業,TW0006449002,2014/12/09
6451,訊芯-KY,TWSE,半導體業,KYG811801045,2015/01/26
6456,GIS-KY,TWSE,光電業,KYG3808R1011,2015/06/12
6464,台數科,TWSE,其他業,TW0006464001,2015/12/16
6472,保瑞,TWSE,生技醫療業,TW0006472004,2023/12/19
6477,安集,TWSE,光電業,TW0006477003,2016/06/21
6491,晶碩,TWSE,生技醫療業,TW0006491004,2019/10/07
6504,南六,TWSE,其他業,TW0006504004,2013/05/07
6505,台塑化,TWSE,油電燃氣業,TW0006505001,2003/12/26
6515,穎崴,TWSE,半導體業,TW0006515000,2021/01/20
6525,捷敏-KY,TWSE,半導體業,KYG3790U1040,2016/04/12
6526,達發,TWSE,半導體業,TW0006526007,2023/10/19
6531,愛普*,TWSE,半導體業,TW0006531007,2016/05/31
6533,晶心科,TWSE,半導體業,TW0006533003,2017/03/14
6534,正瀚-創,TWSE,生技醫療業,TW0006534001,2023/12/21
6541,泰福-KY,TWSE,生技醫療業,KYG8676P1037,2017/10/26
6550,北極星藥業-KY,TWSE,生技醫療業,KYG7171A1085,2022/06/06
6552,易華電,TWSE,半導體業,TW0006552003,2017/01/10
6558,興能高,TWSE,其他電子業,TW0006558000,2018/12/05
6573,虹揚-KY,TWSE,半導體業,KYG4712A1013,2017/09/26
6579,研揚,TWSE,電腦及週邊設備業,TW0006579006,2017/08/21
6581,鋼聯,TWSE,綠能環保,TW0006581002,2018/01/30
6582,申豐,TWSE,橡膠工業,TW0006582000,2017/06/14
6585,鼎基,TWSE,其他業,TW0006585003,2022/05/20
6589,台康生技,TWSE,生技醫療業,TW0006589005,2025/07/21
6591,動力-KY,TWSE,電腦及週邊設備業,KYG8587R1074,2017/12/28
6592,和潤企業,TWSE,其他業,TW0006592009,2019/12/09
6598,ABC-KY,TWSE,生技醫療業,KYG0488D1051,2020/06/09
6605,帝寶,TWSE,汽車工業,TW0006605009,2004/03/17
6606,建德工業,TWSE,電機機械,TW0006606007,2023/03/24
6614,資拓宏宇,TWSE,數位雲端,TW0006614001,2025/11/25
6625,必應,TWSE,其他業,TW0006625007,2018/02/07
6641,基士德-KY,TWSE,綠能環保,KYG416551045,2018/09/21
6645,金萬林-創,TWSE,生技醫療業,TW0006645005,2023/12/21
6655,科定,TWSE,其他業,TW0006655004,2018/11/28
6657,華安,TWSE,生技醫療業,TW0006657000,2023/06/12
6658,聯策,TWSE,其他電子業,TW0006658008,2023/11/02
6666,羅麗芬-KY,TWSE,生技醫療業,KYG569831020,2018/11/19
6668,中揚光,TWSE,光電業,TW0006668007,2018/12/12
6669,緯穎,TWSE,電腦及週邊設備業,TW0006669005,2019/03/27
6670,復盛應用,TWSE,運動休閒,TW0006670003,2018/12/18
6671,三能-KY,TWSE,居家生活,KYG7806W1033,2018/12/11
6672,騰輝電子-KY,TWSE,電子零組件業,KYG9353A1040,2019/04/17
6674,鋐寶科技,TWSE,通信網路業,TW0006674005,2018/11/28
6689,伊雲谷,TWSE,數位雲端,TW0006689003,2022/09/13
6691,洋基工程,TWSE,其他電子業,TW0006691009,2022/01/03
6695,芯鼎,TWSE,半導體業,TW0006695000,2022/11/04
6698,旭暉應材,TWSE,其他電子業,TW0006698004,2019/11/25
6706,惠特,TWSE,光電業,TW0006706005,2019/12/19
6715,嘉基,TWSE,電子零組件業,TW0006715006,2019/12/12
6719,力智,TWSE,半導體業,TW0006719008,2022/01/13
6722,輝創,TWSE,其他電子業,TW0006722002,2026/01/16
6742,澤米,TWSE,光電業,TW0006742000,2023/12/05
6743,安普新,TWSE,其他電子業,TW0006743008,2020/12/14
6753,龍德造船,TWSE,航運業,TW0006753007,2023/03/10
6754,匯僑設計,TWSE,居家生活,TW0006754005,2020/08/25
6756,威鋒電子,TWSE,半導體業,TW0006756000,2020/12/24
6757,台灣虎航,TWSE,航運業,TW0006757008,2024/11/29
6768,志強-KY,TWSE,運動休閒,KYG8368S1003,2021/04/22
6770,力積電,TWSE,半導體業,TW0006770001,2021/12/06
6771,平和環保-創,TWSE,綠能環保,TW0006771009,2024/05/17
6776,展碁國際,TWSE,電子通路業,TW0006776008,2021/03/31
6781,AES-KY,TWSE,電子零組件業,KYG0097V1086,2021/03/22
6782,視陽,TWSE,生技醫療業,TW0006782006,2022/11/28
6789,采鈺,TWSE,半導體業,TW0006789001,2022/06/30
6790,永豐實,TWSE,造紙工業,TW0006790009,2021/09/29
6792,詠業,TWSE,通信網路業,TW0006792005,2021/12/08
6794,向榮生技,TWSE,生技醫療業,TW0006794001,2025/10/16
6796,晉弘,TWSE,生技醫療業,TW0006796006,2022/06/01
6799,來頡,TWSE,半導體業,TW0006799000,2022/05/12
6805,富世達,TWSE,電子零組件業,TW0006805005,2023/11/09
6806,森崴能源,TWSE,綠能環保,TW0006806003,2021/11/15
6807,峰源-KY,TWSE,居家生活,KYG3425A1013,2022/04/25
6830,汎銓,TWSE,其他電子業,TW0006830003,2022/08/31
6831,邁科,TWSE,電腦及週邊設備業,TW0006831001,2025/11/25
6834,天二科技,TWSE,電子零組件業,TW0006834005,2022/09/01
6835,圓裕,TWSE,電子零組件業,TW0006835002,2022/11/10
6838,台新藥,TWSE,生技醫療業,TW0006838006,2024/08/13
6854,錼創科技-KY創,TWSE,半導體業,KYG7148D1025,2022/08/18
6861,睿生光電,TWSE,生技醫療業,TW0006861008,2023/03/27
6862,三集瑞-KY,TWSE,電子零組件業,KYG9066C1087,2024/10/23
6863,永道-KY,TWSE,通信網路業,KYG0478A1031,2023/03/21
6869,雲豹能源,TWSE,綠能環保,TW0006869001,2024/06/19
6873,泓德能源,TWSE,綠能環保,TW0006873003,2024/09/26
6885,全福生技,TWSE,生技醫療業,TW0006885007,2024/12/16
6887,寶綠特-KY,TWSE,綠能環保,KYG1462B1077,2025/03/10
6890,來億-KY,TWSE,運動休閒,KYG5353T1013,2024/06/12
6901,鑽石投資,TWSE,其他業,TW0006901002,2023/09/19
6902,GOGOLOOK,TWSE,數位雲端,TW0006902000,2025/05/16
6906,現觀科,TWSE,數位雲端,TW0006906001,2024/01/15
6909,創控,TWSE,半導體業,TW0006909005,2025/05/21
6914,阜爾運通,TWSE,其他業,TW0006914005,2024/05/03
6916,華凌,TWSE,光電業,TW0006916000,2023/12/05
6918,愛派司,TWSE,生技醫療業,TW0006918006,2025/06/10
6919,康霈*,TWSE,生技醫療業,TW0006919004,2024/10/02
6921,嘉雨思-創,TWSE,半導體業,TW0006921000,2025/12/23
6923,中台,TWSE,綠能環保,TW0006923006,2024/09/25
6924,榮惠-KY創,TWSE,電子零組件業,KYG2954S1030,2024/12/03
6928,攸泰科技,TWSE,電腦及週邊設備業,TW0006928005,2024/05/16
6931,青松健康,TWSE,生技醫療業,TW0006931009,2025/01/15
6933,AMAX-KY,TWSE,電腦及週邊設備業,KYG0249M1050,2023/11/08
6934,心誠鎂,TWSE,生技醫療業,TW0006934003,2026/02/02
6936,永鴻生技,TWSE,生技醫療業,TW0006936008,2025/04/28
6937,天虹,TWSE,半導體業,TW0006937006,2023/12/12
6944,兆聯實業,TWSE,綠能環保,TW0006944002,2025/05/28
6949,沛爾生醫-創,TWSE,生技醫療業,TW0006949001,2024/03/08
6951,青新-創,TWSE,綠能環保,TW0006951007,2024/06/18
6952,大武山,TWSE,其他業,TW0006952005,2024/06/13
6955,邦睿生技-創,TWSE,生技醫療業,TW0006955008,2024/12/06
6957,裕慶-KY,TWSE,其他業,KYG4631S1003,2024/06/25
6958,日盛台駿,TWSE,其他業,TW0006958002,2024/08/20
6962,奕力-KY,TWSE,半導體業,KYG4977T1004,2024/11/26
6965,中傑-KY,TWSE,運動休閒,KYG2124U1031,2025/03/07
6969,成信實業*-創,TWSE,綠能環保,TW0006969009,2024/09/09
6988,威力暘-創,TWSE,汽車工業,TW0006988009,2024/10/23
6994,富威電力,TWSE,綠能環保,TW0006994007,2025/01/15
7610,聯友金屬-創,TWSE,綠能環保,TW0007610B14,2025/09/09
7631,聚賢研發-創,TWSE,其他電子業,TW0007631B19,2025/03/13
7705,三商餐飲,TWSE,觀光餐旅,TW0007705006,2024/11/26
7711,永擎,TWSE,電腦及週邊設備業,TW0007711004,2025/11/19
7721,微程式,TWSE,數位雲端,TW0007721003,2025/07/29
7722,LINEPAY,TWSE,數位雲端,TW0007722001,2024/12/05
7730,暉盛-創,TWSE,半導體業,TW0007730004,2025/11/04
7732,金興精密,TWSE,汽車工業,TW0007732000,2025/01/14
7736,虎山,TWSE,汽車工業,TW0007736001,2025/03/18
7740,熙特爾-創,TWSE,綠能環保,TW0007740003,2025/06/16
7749,意騰-KY,TWSE,半導體業,KYG4R4EN1020,2025/06/13
7750,新代,TWSE,電機機械,TW0007750002,2025/09/17
7765,中華資安,TWSE,數位雲端,TW0007765000,2025/09/08
7769,鴻勁,TWSE,半導體業,TW0007769002,2025/11/27
7780,大研生醫*,TWSE,食品工業,TW0007780009,2026/01/19
7786,東方風能,TWSE,綠能環保,TW0007786006,2025/11/18
7788,松川精密,TWSE,電子零組件業,TW0007788002,2025/10/16
7791,皇家可口,TWSE,食品工業,TW0007791006,2025/10/28
7795,長廣,TWSE,電子零組件業,TW0007795007,2026/01/16
7799,禾榮科,TWSE,生技醫療業,TW0007799009,2025/09/15
7823,奧義賽博-KY創,TWSE,數位雲端,KYG2668C1050,2026/02/05
8011,台通,TWSE,通信網路業,TW0008011008,2011/09/19
8016,矽創,TWSE,半導體業,TW0008016007,2003/12/25
8021,尖點,TWSE,其他電子業,TW0008021007,2008/01/21
8028,昇陽半導體,TWSE,半導體業,TW0008028002,2018/07/10
8033,雷虎,TWSE,其他業,TW0008033002,2007/06/21
8039,台虹,TWSE,電子零組件業,TW0008039009,2009/12/17
8045,達運光電,TWSE,通信網路業,TW0008045006,2024/12/11
8046,南電,TWSE,電子零組件業,TW0008046004,2006/04/07
8070,長華*,TWSE,電子通路業,TW0008070004,2007/12/31
8072,陞泰,TWSE,電子通路業,TW0008072000,2005/08/19
8081,致新,TWSE,半導體業,TW0008081001,2008/12/30
8101,華冠,TWSE,通信網路業,TW0008101007,2004/07/01
8103,瀚荃,TWSE,電子零組件業,TW0008103003,2009/09/29
8104,錸寶,TWSE,光電業,TW0008104001,2019/01/17
8105,凌巨,TWSE,光電業,TW0008105008,2006/12/27
8110,華東,TWSE,半導體業,TW0008110008,2007/10/31
8112,至上,TWSE,電子通路業,TW0008112004,2007/12/31
8114,振樺電,TWSE,電腦及週邊設備業,TW0008114000,2012/11/26
8131,福懋科,TWSE,半導體業,TW0008131004,2007/11/29
8150,南茂,TWSE,半導體業,TW0008150004,2014/04/11
8162,微矽電子-創,TWSE,半導體業,TW0008162009,2024/03/07
8163,達方,TWSE,電腦及週邊設備業,TW0008163007,2007/11/28
8201,無敵,TWSE,其他電子業,TW0008201005,2007/10/29
8210,勤誠,TWSE,電腦及週邊設備業,TW0008210006,2011/12/01
8213,志超,TWSE,電子零組件業,TW0008213000,2009/12/25
8215,明基材,TWSE,光電業,TW0008215005,2010/11/12
8222,寶一,TWSE,電機機械,TW0008222001,2015/01/27
8249,菱光,TWSE,電子零組件業,TW0008249004,2005/05/17
8261,富鼎,TWSE,半導體業,TW0008261009,2009/12/11
8271,宇瞻,TWSE,半導體業,TW0008271008,2010/12/29
8341,日友,TWSE,綠能環保,TW0008341009,2015/03/23
8367,建新國際,TWSE,航運業,TW0008367004,2018/09/12
8374,羅昇,TWSE,電機機械,TW0008374000,2008/12/25
8404,百和興業-KY,TWSE,其他業,KYG684631016,2011/05/18
8411,福貞-KY,TWSE,其他業,KYG525911072,2011/11/01
8422,可寧衛*,TWSE,綠能環保,TW0008422007,2011/10/05
8429,金麗-KY,TWSE,貿易百貨業,KYG513871015,2012/12/20
8438,昶昕,TWSE,綠能環保,TW0008438003,2022/03/11
8442,威宏-KY,TWSE,其他業,KYG981151015,2016/11/08
8443,阿瘦,TWSE,貿易百貨業,TW0008443003,2014/09/15
8454,富邦媒,TWSE,數位雲端,TW0008454000,2014/12/19
8462,柏文,TWSE,運動休閒,TW0008462003,2019/03/15
8463,潤泰材,TWSE,其他業,TW0008463001,2015/07/13
8464,億豐,TWSE,居家生活,TW0008464009,2015/12/22
8466,美吉吉-KY,TWSE,其他業,KYG332481087,2016/11/01
8467,波力-KY,TWSE,運動休閒,KYG144971044,2015/12/15
8473,山林水,TWSE,綠能環保,TW0008473000,2016/09/08
8476,台境*,TWSE,綠能環保,TW0008476003,2023/10/31
8478,東哥遊艇,TWSE,運動休閒,TW0008478009,2017/12/11
8481,政伸,TWSE,其他業,TW0008481003,2017/02/24
8482,商億-KY,TWSE,居家生活,KYG806341015,2018/08/15
8487,愛爾達-創,TWSE,數位雲端,TW0008487000,2024/03/26
8488,吉源-KY,TWSE,其他業,KYG5140K1085,2016/12/13
8499,鼎炫-KY,TWSE,其他電子業,KYG8923R1002,2017/11/24
8926,台汽電,TWSE,油電燃氣業,TW0008926007,2003/08/25
8940,新天地,TWSE,觀光餐旅,TW0008940008,2009/05/15
8996,高力,TWSE,電機機械,TW0008996000,2014/02/14
9802,鈺齊-KY,TWSE,運動休閒,KYG368891068,2012/10/18
9902,台火,TWSE,其他業,TW0009902007,1964/07/14
9904,寶成,TWSE,運動休閒,TW0009904003,1990/01/19
9905,大華,TWSE,其他業,TW0009905000,1990/08/08
9906,欣巴巴,TWSE,建材營造業,TW0009906008,1990/12/15
9907,統一實,TWSE,其他業,TW0009907006,1991/01/29
9908,大台北,TWSE,油電燃氣業,TW0009908004,1991/02/06
9910,豐泰,TWSE,運動休閒,TW0009910000,1992/02/18
9911,櫻花,TWSE,居家生活,TW0009911008,1992/07/16
9912,偉聯,TWSE,電腦及週邊設備業,TW0009912006,1992/08/08
9914,美利達,TWSE,運動休閒,TW0009914002,1992/09/30
9917,中保科,TWSE,其他業,TW0009917005,1993/12/08
9918,欣天然,TWSE,油電燃氣業,TW0009918003,1994/04/26
9919,康那香,TWSE,其他業,TW0009919001,1994/11/04
9921,巨大,TWSE,運動休閒,TW0009921007,1994/12/29
9924,福興,TWSE,居家生活,TW0009924001,1995/03/15
9925,新保,TWSE,其他業,TW0009925008,1995/12/09
9926,新海,TWSE,油電燃氣業,TW0009926006,1998/04/08
9927,泰銘,TWSE,其他業,TW0009927004,1999/03/12
9928,中視,TWSE,其他業,TW0009928002,1999/08/09
9929,秋雨,TWSE,其他業,TW0009929000,1999/06/28
9930,中聯資源,TWSE,綠能環保,TW0009930008,1999/11/22
9931,欣高,TWSE,油電燃氣業,TW0009931006,2000/03/21
9933,中鼎,TWSE,其他業,TW0009933002,1993/05/28
9934,成霖,TWSE,居家生活,TW0009934000,2000/09/11
9935,慶豐富,TWSE,居家生活,TW0009935007,2000/09/11
9937,全國,TWSE,油電燃氣業,TW0009937003,2000/09/11
9938,百和,TWSE,其他業,TW0009938001,2001/01/12
9939,宏全,TWSE,其他業,TW0009939009,2001/03/02
9940,信義,TWSE,其他業,TW0009940007,2001/09/17
9941,裕融,TWSE,其他業,TW0009941005,2001/09/17
9942,茂順,TWSE,其他業,TW0009942003,2002/01/28
9943,好樂迪,TWSE,觀光餐旅,TW0009943001,2002/08/26
9944,新麗,TWSE,其他業,TW0009944009,2002/08/26
9945,潤泰新,TWSE,其他業,TW0009945006,1992/04/30
9946,三發地產,TWSE,建材營造業,TW0009946004,2013/09/17
9955,佳龍,TWSE,綠能環保,TW0009955005,2008/01/21
9958,世紀鋼,TWSE,鋼鐵工業,TW0009958009,2008/03/12
1240,茂生農經,TPEx,農業科技業,TW0001240000,2018/08/08
1259,安心,TPEx,觀光餐旅,TW0001259000,2011/12/15
1264,德麥,TPEx,食品工業,TW0001264000,2015/04/09
1268,漢來美食,TPEx,觀光餐旅,TW0001268001,2017/09/27
1294,漢田生技,TPEx,食品工業,TW0001294007,2024/09/26
1295,生合,TPEx,食品工業,TW0001295004,2025/05/27
1336,台翰,TPEx,電子零組件業,TW0001336006,2007/11/02
1565,精華,TPEx,生技醫療業,TW0001565000,2004/03/30
1569,濱川,TPEx,電腦及週邊設備業,TW0001569002,2005/07/29
1570,力肯,TPEx,電機機械,TW0001570000,2005/06/30
1580,新麥,TPEx,電機機械,TW0001580009,2007/12/10
1584,精剛,TPEx,其他業,TW0001584001,2007/11/28
1586,和勤,TPEx,電機機械,TW0001586006,2012/01/09
1591,駿吉-KY,TPEx,電機機械,KYG4782L1023,2012/03/23
1593,祺驊,TPEx,運動休閒,TW0001593002,2012/06/13
1595,川寶,TPEx,電子零組件業,TW0001595007,2011/10/04
1599,宏佳騰,TPEx,電機機械,TW0001599009,2012/12/25
1742,台蠟,TPEx,化學工業,TW0001742005,2004/05/14
1777,生泰,TPEx,生技醫療業,TW0001777001,2005/10/19
1781,合世,TPEx,生技醫療業,TW0001781003,2004/12/24
1784,訊聯,TPEx,生技醫療業,TW0001784007,2007/07/26
1785,光洋科,TPEx,其他電子業,TW0001785004,2005/01/31
1788,杏昌,TPEx,生技醫療業,TW0001788008,2009/07/20
1796,金穎生技,TPEx,食品工業,TW0001796001,2018/01/22
1799,易威,TPEx,生技醫療業,TW0001799005,2008/11/10
1813,寶利徠,TPEx,生技醫療業,TW0001813004,2009/08/04
1815,富喬,TPEx,電子零組件業,TW0001815009,2006/01/23
2035,唐榮,TPEx,鋼鐵工業,TW0002035003,2006/07/07
2061,風青,TPEx,電器電纜,TW0002061009,2010/12/09
2063,世鎧,TPEx,鋼鐵工業,TW0002063005,2010/09/07
2064,晉椿,TPEx,鋼鐵工業,TW0002064003,2014/12/26
2065,世豐,TPEx,鋼鐵工業,TW0002065000,2017/04/21
2066,世德,TPEx,電機機械,TW0002066008,2013/09/24
2067,嘉鋼,TPEx,電機機械,TW0002067006,2014/05/26
2070,精湛,TPEx,電機機械,TW0002070000,2018/12/17
2073,雄順,TPEx,鋼鐵工業,TW0002073004,2023/06/21
2221,大甲,TPEx,其他業,TW0002221009,2007/08/01
2230,泰茂,TPEx,電機機械,TW0002230000,2013/04/18
2235,謚源,TPEx,電機機械,TW0002235009,2014/12/15
2596,綠意,TPEx,建材營造業,TW0002596004,2009/06/01
2640,大車隊,TPEx,數位雲端,TW0002640000,2012/11/07
2641,正德,TPEx,航運業,TW0002641008,2014/10/09
2643,捷迅,TPEx,航運業,TW0002643004,2016/03/04
2718,全心投控,TPEx,建材營造業,TW0002718004,2011/03/29
2719,燦星旅,TPEx,觀光餐旅,TW0002719002,2012/02/24
2724,藝舍-KY,TPEx,其他業,KYG3704Y1017,2012/05/29
2726,雅茗-KY,TPEx,觀光餐旅,KYG988361021,2014/12/24
2729,瓦城,TPEx,觀光餐旅,TW0002729001,2012/09/17
2732,六角,TPEx,觀光餐旅,TW0002732005,2015/01/20
2734,易飛網,TPEx,觀光餐旅,TW0002734001,2013/12/26
2736,富野,TPEx,觀光餐旅,TW0002736006,2016/01/06
2740,天蔥,TPEx,觀光餐旅,TW0002740008,2015/12/24
2743,山富,TPEx,觀光餐旅,TW0002743002,2020/03/09
2745,五福,TPEx,觀光餐旅,TW0002745007,2018/04/16
2751,王座,TPEx,觀光餐旅,TW0002751005,2024/09/10
2752,豆府,TPEx,觀光餐旅,TW0002752003,2019/09/25
2754,亞洲藏壽司,TPEx,觀光餐旅,TW0002754009,2020/09/17
2755,揚秦,TPEx,觀光餐旅,TW0002755006,2020/12/16
2756,聯發國際,TPEx,觀光餐旅,TW0002756004,2022/01/14
2916,滿心,TPEx,居家生活,TW0002916004,2005/03/10
2924,宏太-KY,TPEx,居家生活,KYG198691092,2011/12/02
2926,誠品生活,TPEx,文化創意業,TW0002926003,2013/01/30
2937,集雅社,TPEx,居家生活,TW0002937000,2017/06/08
2941,米斯特,TPEx,居家生活,TW0002941002,2024/03/20
2947,振宇五金,TPEx,居家生活,TW0002947009,2021/10/06
2948,寶陞,TPEx,居家生活,TW0002948007,2023/12/12
2949,欣新網,TPEx,數位雲端,TW0002949005,2023/12/15
3064,泰偉,TPEx,文化創意業,TW0003064002,2004/06/09
3066,李洲,TPEx,光電業,TW0003066007,2004/12/02
3067,全域,TPEx,其他電子業,TW0003067005,2003/10/21
3071,協禧,TPEx,電腦及週邊設備業,TW0003071007,2004/12/30
3073,天方能源,TPEx,綠能環保,TW0003073003,2007/10/08
3078,僑威,TPEx,電子零組件業,TW0003078002,2005/01/31
3081,聯亞,TPEx,通信網路業,TW0003081006,2015/07/22
3083,網龍,TPEx,文化創意業,TW0003083002,2003/12/02
3085,新零售,TPEx,數位雲端,TW0003085007,2004/03/01
3086,華義,TPEx,文化創意業,TW0003086005,2004/03/29
3088,艾訊,TPEx,電腦及週邊設備業,TW0003088001,2005/04/28
3093,港建*,TPEx,其他電子業,TW0003093001,2005/06/17
3095,及成,TPEx,通信網路業,TW0003095006,2005/05/26
3105,穩懋,TPEx,半導體業,TW0003105003,2011/12/13
3114,好德,TPEx,電子零組件業,TW0003114005,2004/03/25
3115,富榮綱,TPEx,電子零組件業,TW0003115002,2005/04/08
3118,進階,TPEx,生技醫療業,TW0003118006,2008/05/21
3122,笙泉,TPEx,半導體業,TW0003122008,2015/01/26
3128,昇銳,TPEx,光電業,TW0003128005,2006/09/04
3131,弘塑,TPEx,其他電子業,TW0003131009,2011/01/17
3141,晶宏,TPEx,半導體業,TW0003141008,2014/03/14
3147,大綜,TPEx,資訊服務業,TW0003147005,2018/05/29
3152,璟德,TPEx,通信網路業,TW0003152005,2008/03/24
3158,嘉實,TPEx,資訊服務業,TW0003158002,2025/11/17
3162,精確,TPEx,電機機械,TW0003162004,2005/10/03
3163,波若威,TPEx,通信網路業,TW0003163002,2012/12/03
3169,亞信,TPEx,半導體業,TW0003169009,2009/11/24
3171,炎洲流通,TPEx,居家生活,TW0003171005,2004/09/17
3176,基亞,TPEx,生技醫療業,TW0003176004,2011/11/23
3178,公準,TPEx,半導體業,TW0003178000,2018/11/19
3188,鑫龍騰,TPEx,建材營造業,TW0003188009,2004/03/17
3191,雲嘉南,TPEx,電子零組件業,TW0003191003,2005/04/12
3205,佰研,TPEx,生技醫療業,TW0003205001,2005/09/12
3206,志豐,TPEx,電子零組件業,TW0003206009,2007/02/08
3207,耀勝,TPEx,電子零組件業,TW0003207007,2004/11/04
3211,順達,TPEx,電腦及週邊設備業,TW0003211009,2004/11/08
3213,茂訊,TPEx,電腦及週邊設備業,TW0003213005,2004/10/01
3217,優群,TPEx,電子零組件業,TW0003217006,2004/04/30
3218,大學光,TPEx,生技醫療業,TW0003218004,2004/11/29
3219,倚強科,TPEx,其他電子業,TW0003219002,2004/03/19
3221,台嘉碩,TPEx,通信網路業,TW0003221008,2006/02/22
3224,三顧,TPEx,電子通路業,TW0003224002,2004/06/03
3226,龍鋒,TPEx,電機機械,TW0003226007,2004/06/16
3227,原相,TPEx,半導體業,TW0003227005,2006/05/04
3228,金麗科,TPEx,半導體業,TW0003228003,2005/03/02
3230,錦明,TPEx,光電業,TW0003230009,2006/09/25
3232,昱捷,TPEx,電子通路業,TW0003232005,2004/11/01
3234,光環,TPEx,通信網路業,TW0003234001,2011/03/24
3236,千如,TPEx,電子零組件業,TW0003236006,2004/12/02
3252,海灣,TPEx,觀光餐旅,TW0003252003,2004/09/23
3259,鑫創,TPEx,半導體業,TW0003259008,2007/12/24
3260,威剛,TPEx,半導體業,TW0003260006,2004/10/08
3264,欣銓,TPEx,半導體業,TW0003264008,2005/01/05
3265,台星科,TPEx,半導體業,TW0003265005,2005/08/02
3268,海德威,TPEx,半導體業,TW0003268009,2005/01/27
3272,東碩,TPEx,電腦及週邊設備業,TW0003272001,2014/08/26
3276,宇環,TPEx,電子零組件業,TW0003276002,2005/01/12
3284,太普高,TPEx,其他業,TW0003284006,2005/03/22
3285,微端,TPEx,其他電子業,TW0003285003,2012/07/23
3287,廣寰科,TPEx,電腦及週邊設備業,TW0003287009,2008/01/28
3288,點晶,TPEx,電子零組件業,TW0003288007,2005/04/15
3289,宜特,TPEx,其他電子業,TW0003289005,2004/12/28
3290,東浦,TPEx,電子零組件業,TW0003290003,2005/05/19
3293,鈊象,TPEx,文化創意業,TW0003293007,2006/07/12
3294,英濟,TPEx,電子零組件業,TW0003294005,2007/04/27
3297,杭特,TPEx,光電業,TW0003297008,2005/06/07
3303,岱稜,TPEx,其他電子業,TW0003303004,2007/05/28
3306,鼎天,TPEx,通信網路業,TW0003306007,2005/07/05
3310,佳穎,TPEx,電子零組件業,TW0003310009,2008/06/27
3313,斐成,TPEx,其他業,TW0003313003,2006/05/29
3317,尼克森,TPEx,半導體業,TW0003317004,2007/08/09
3322,建舜電,TPEx,電子零組件業,TW0003322004,2009/05/20
3323,加百裕,TPEx,電腦及週邊設備業,TW0003323002,2007/06/25
3324,雙鴻,TPEx,其他電子業,TW0003324000,2005/05/13
3325,旭品,TPEx,電腦及週邊設備業,TW0003325007,2005/08/15
3332,幸康,TPEx,電子零組件業,TW0003332003,2008/01/24
3339,泰谷,TPEx,光電業,TW0003339008,2006/06/27
3349,寶德,TPEx,電腦及週邊設備業,TW0003349007,2022/03/23
3354,律勝,TPEx,電子零組件業,TW0003354007,2005/12/08
3357,臺慶科,TPEx,電子零組件業,TW0003357000,2021/04/27
3360,尚立,TPEx,電子通路業,TW0003360004,2006/06/06
3362,先進光,TPEx,光電業,TW0003362000,2005/09/06
3363,上詮,TPEx,通信網路業,TW0003363008,2011/02/25
3372,典範,TPEx,半導體業,TW0003372009,2005/12/16
3373,熱映,TPEx,其他電子業,TW0003373007,2007/12/13
3374,精材,TPEx,半導體業,TW0003374005,2015/03/30
3379,彬台,TPEx,電機機械,TW0003379004,2011/10/20
3388,崇越電,TPEx,電子零組件業,TW0003388005,2006/02/22
3390,旭軟,TPEx,電子零組件業,TW0003390001,2006/02/22
3402,漢科,TPEx,其他電子業,TW0003402004,2007/01/09
3426,台興,TPEx,電機機械,TW0003426003,2016/12/21
3430,奇鈦科,TPEx,化學工業,TW0003430005,2022/09/08
3434,哲固,TPEx,光電業,TW0003434007,2008/01/28
3438,類比科,TPEx,半導體業,TW0003438008,2006/07/19
3441,聯一光,TPEx,光電業,TW0003441002,2010/10/04
3444,利機,TPEx,電子通路業,TW0003444006,2008/09/26
3455,由田,TPEx,光電業,TW0003455002,2007/12/27
3465,進泰電子,TPEx,其他電子業,TW0003465001,2008/01/28
3466,德晉,TPEx,通信網路業,TW0003466009,2006/05/17
3467,台灣精材,TPEx,半導體業,TW0003467007,2025/03/25
3479,安勤,TPEx,電腦及週邊設備業,TW0003479002,2010/06/08
3483,力致,TPEx,電腦及週邊設備業,TW0003483004,2006/12/18
3484,崧騰,TPEx,電子零組件業,TW0003484002,2007/11/09
3489,森寶,TPEx,建材營造業,TW0003489001,2007/09/29
3490,單井,TPEx,光電業,TW0003490009,2007/10/15
3491,昇達科,TPEx,通信網路業,TW0003491007,2008/01/03
3492,長盛,TPEx,電子零組件業,TW0003492005,2015/05/18
3498,陽程,TPEx,其他電子業,TW0003498002,2007/09/11
3499,環天科,TPEx,通信網路業,TW0003499000,2006/10/19
3508,位速,TPEx,其他電子業,TW0003508008,2007/10/17
3511,矽瑪,TPEx,電子零組件業,TW0003511002,2009/02/16
3512,皇龍,TPEx,建材營造業,TW0003512000,2007/07/25
3516,亞帝歐,TPEx,光電業,TW0003516001,2007/11/29
3520,華盈,TPEx,電子零組件業,TW0003520003,2007/10/12
3521,台鋼建設,TPEx,建材營造業,TW0003521001,2025/06/02
3522,御嵿,TPEx,觀光餐旅,TW0003522009,2007/10/15
3523,迎輝,TPEx,光電業,TW0003523007,2007/11/16
3526,凡甲,TPEx,電子零組件業,TW0003526000,2007/11/02
3527,聚積,TPEx,半導體業,TW0003527008,2007/10/29
3529,力旺,TPEx,半導體業,TW0003529004,2011/01/24
3531,先益,TPEx,光電業,TW0003531000,2008/04/08
3537,堡達,TPEx,電子零組件業,TW0003537007,2010/01/25
3540,曜越,TPEx,電腦及週邊設備業,TW0003540001,2007/12/12
3541,西柏,TPEx,其他電子業,TW0003541009,2009/12/22
3546,宇峻,TPEx,文化創意業,TW0003546008,2008/04/18
3548,兆利,TPEx,電子零組件業,TW0003548004,2008/03/27
3551,世禾,TPEx,綠能環保,TW0003551008,2008/04/15
3552,同致,TPEx,其他電子業,TW0003552006,2009/01/07
3555,博士旺,TPEx,半導體業,TW0003555009,2011/11/08
3556,禾瑞亞,TPEx,半導體業,TW0003556007,2008/04/15
3558,神準,TPEx,通信網路業,TW0003558003,2013/12/30
3564,其陽,TPEx,通信網路業,TW0003564001,2013/12/03
3567,逸昌,TPEx,半導體業,TW0003567004,2010/11/22
3570,大塚,TPEx,資訊服務業,TW0003570008,2008/10/23
3577,泓格,TPEx,電腦及週邊設備業,TW0003577003,2009/01/06
3580,友威科,TPEx,其他電子業,TW0003580007,2010/07/09
3581,博磊,TPEx,半導體業,TW0003581005,2015/01/20
3587,閎康,TPEx,其他電子業,TW0003587002,2009/08/18
3594,磐儀,TPEx,電腦及週邊設備業,TW0003594008,2013/05/07
3597,映興,TPEx,電子零組件業,TW0003597001,2020/03/09
3609,三一東林,TPEx,電子零組件業,TW0003609004,2011/01/11
3611,鼎翰,TPEx,電腦及週邊設備業,TW0003611000,2008/11/26
3615,安可,TPEx,光電業,TW0003615001,2009/04/15
3623,富晶通,TPEx,光電業,TW0003623005,2010/04/28
3624,光頡,TPEx,電子零組件業,TW0003624003,2011/03/16
3625,西勝,TPEx,電腦及週邊設備業,TW0003625000,2009/10/28
3628,盈正,TPEx,其他電子業,TW0003628004,2010/09/09
3629,地心引力,TPEx,文化創意業,TW0003629002,2020/06/01
3630,新鉅科,TPEx,光電業,TW0003630000,2010/04/26
3631,晟楠,TPEx,電子零組件業,TW0003631008,2010/12/20
3632,研勤,TPEx,通信網路業,TW0003632006,2011/01/11
3646,艾恩特,TPEx,電子零組件業,TW0003646006,2012/03/27
3663,鑫科,TPEx,其他電子業,TW0003663001,2012/11/20
3664,安瑞-KY,TPEx,通信網路業,KYG0550W1069,2010/06/24
3666,光耀,TPEx,光電業,TW0003666004,2014/12/04
3672,康聯訊,TPEx,通信網路業,TW0003672002,2015/04/20
3675,德微,TPEx,半導體業,TW0003675005,2012/06/29
3680,家登,TPEx,半導體業,TW0003680005,2011/08/31
3684,榮昌,TPEx,通信網路業,TW0003684007,2014/03/28
3685,元創精密,TPEx,電機機械,TW0003685004,2010/12/08
3687,歐買尬,TPEx,數位雲端,TW0003687000,2020/06/01
3689,湧德,TPEx,電子零組件業,TW0003689006,2012/10/18
3691,碩禾,TPEx,光電業,TW0003691002,2010/11/18
3693,營邦,TPEx,電腦及週邊設備業,TW0003693008,2013/11/27
3707,漢磊,TPEx,半導體業,TW0003707006,2014/10/01
3709,鑫聯大投控,TPEx,電腦及週邊設備業,TW0003709002,1999/04/16
3710,連展投控,TPEx,電子零組件業,TW0003710000,2017/12/29
3713,新晶投控,TPEx,綠能環保,TW0003713004,2020/02/27
4102,永日,TPEx,生技醫療業,TW0004102009,2001/03/20
4105,東洋,TPEx,生技醫療業,TW0004105002,2001/09/27
4107,邦特,TPEx,生技醫療業,TW0004107008,2002/03/04
4109,加捷生醫,TPEx,生技醫療業,TW0004109004,2002/08/08
4111,濟生,TPEx,生技醫療業,TW0004111000,1999/03/06
4113,聯上,TPEx,建材營造業,TW0004113006,2003/07/22
4114,健喬,TPEx,生技醫療業,TW0004114004,2003/05/12
4116,明基醫,TPEx,生技醫療業,TW0004116009,2015/12/16
4120,友華,TPEx,生技醫療業,TW0004120001,2003/11/05
4121,優盛,TPEx,生技醫療業,TW0004121009,2003/07/25
4123,晟德,TPEx,生技醫療業,TW0004123005,2003/10/07
4126,太醫,TPEx,生技醫療業,TW0004126008,2004/02/09
4127,天良,TPEx,生技醫療業,TW0004127006,2005/07/29
4128,中天,TPEx,生技醫療業,TW0004128004,2006/06/09
4129,聯合,TPEx,生技醫療業,TW0004129002,2004/09/29
4130,健亞,TPEx,生技醫療業,TW0004130000,2012/01/12
4131,浩泰,TPEx,生技醫療業,TW0004131008,2004/04/09
4138,曜亞,TPEx,生技醫療業,TW0004138003,2010/12/29
4139,馬光-KY,TPEx,生技醫療業,KYG5831M1087,2011/04/29
4147,中裕,TPEx,生技醫療業,TW0004147004,2015/11/23
4153,鈺緯,TPEx,生技醫療業,TW0004153002,2013/05/23
4154,樂威科-KY,TPEx,其他業,KYG527551082,2011/12/28
4157,太景*-KY,TPEx,生技醫療業,KYG866171005,2013/08/30
4160,訊聯基因,TPEx,生技醫療業,TW0004160007,2012/09/17
4161,聿新科,TPEx,生技醫療業,TW0004161005,2013/06/26
4162,智擎,TPEx,生技醫療業,TW0004162003,2012/09/18
4163,鐿鈦,TPEx,生技醫療業,TW0004163001,2012/11/15
4166,友霖,TPEx,生技醫療業,TW0004166004,2025/08/21
4167,松瑞藥,TPEx,生技醫療業,TW0004167002,2015/09/08
4168,醣聯,TPEx,生技醫療業,TW0004168000,2012/12/18
4171,瑞基,TPEx,農業科技業,TW0004171004,2018/03/28
4173,久裕,TPEx,生技醫療業,TW0004173000,2013/10/31
4174,浩鼎,TPEx,生技醫療業,TW0004174008,2015/03/23
4175,杏一,TPEx,生技醫療業,TW0004175005,2014/04/23
4183,福永生技,TPEx,生技醫療業,TW0004183009,2017/03/09
4188,安克,TPEx,生技醫療業,TW0004188008,2015/03/24
4192,杏國,TPEx,生技醫療業,TW0004192000,2014/10/28
4198,欣大健康,TPEx,生技醫療業,TW0004198007,2014/12/23
4205,中華食,TPEx,食品工業,TW0004205000,1999/01/31
4207,環泰,TPEx,食品工業,TW0004207006,2000/01/21
4303,信立,TPEx,塑膠工業,TW0004303003,1999/03/10
4304,勝昱,TPEx,塑膠工業,TW0004304001,2000/01/27
4305,世坤,TPEx,塑膠工業,TW0004305008,2000/09/28
4401,東隆興,TPEx,紡織纖維,TW0004401005,1996/05/09
4402,郡都開發,TPEx,紡織纖維,TW0004402003,1997/07/23
4406,新昕纖,TPEx,紡織纖維,TW0004406004,1999/01/14
4413,飛寶企業,TPEx,紡織纖維,TW0004413000,1999/07/29
4416,三圓,TPEx,建材營造業,TW0004416003,2000/05/06
4417,金洲,TPEx,紡織纖維,TW0004417001,2000/11/07
4419,皇家美食,TPEx,觀光餐旅,TW0004419007,2001/06/26
4420,光明,TPEx,紡織纖維,TW0004420005,2002/04/18
4430,耀億,TPEx,其他業,TW0004430004,2011/06/09
4432,銘旺實,TPEx,紡織纖維,TW0004432000,2012/11/26
4433,興采,TPEx,紡織纖維,TW0004433008,2014/11/03
4442,竣邦-KY,TPEx,紡織纖維,KYG5001G1055,2023/11/29
4502,健信,TPEx,電機機械,TW0004502000,1995/12/12
4503,金雨,TPEx,電機機械,TW0004503008,1996/12/19
4506,崇友,TPEx,電機機械,TW0004506001,1997/12/06
4510,高鋒,TPEx,電機機械,TW0004510003,1998/02/24
4513,福裕,TPEx,電機機械,TW0004513007,1998/03/25
4523,永彰,TPEx,電機機械,TW0004523006,1999/11/22
4527,方土霖,TPEx,電機機械,TW0004527007,2000/09/28
4528,江興鍛,TPEx,電機機械,TW0004528005,2001/02/12
4529,淳紳,TPEx,其他業,TW0004529003,2001/05/04
4530,宏易,TPEx,觀光餐旅,TW0004530001,2001/04/30
4533,協易機,TPEx,電機機械,TW0004533005,2002/04/26
4534,慶騰,TPEx,電機機械,TW0004534003,2003/03/31
4535,至興,TPEx,電機機械,TW0004535000,2003/04/16
4538,大詠城,TPEx,電機機械,TW0004538004,2019/01/15
4541,晟田,TPEx,其他業,TW0004541008,2014/07/22
4542,科嶠,TPEx,電子零組件業,TW0004542006,2014/08/25
4543,萬在,TPEx,電機機械,TW0004543004,2016/03/15
4549,桓達,TPEx,電機機械,TW0004549001,2014/11/27
4550,長佳,TPEx,電機機械,TW0004550009,2015/03/18
4554,橙的,TPEx,其他電子業,TW0004554001,2016/08/05
4556,旭然,TPEx,其他業,TW0004556006,2015/12/22
4558,寶緯,TPEx,電機機械,TW0004558002,2022/03/17
4561,健椿,TPEx,電機機械,TW0004561006,2018/06/11
4563,百德,TPEx,電機機械,TW0004563002,2018/07/12
4568,科際精密,TPEx,電機機械,TW0004568001,2018/10/03
4577,達航科技,TPEx,其他電子業,TW0004577002,2022/06/14
4580,捷流閥業,TPEx,電機機械,TW0004580006,2020/01/06
4584,君帆,TPEx,電機機械,TW0004584008,2022/10/05
4609,唐鋒,TPEx,居家生活,TW0004609003,2000/05/19
4702,中美實,TPEx,居家生活,TW0004702006,1995/04/21
4706,大恭,TPEx,化學工業,TW0004706007,1998/04/17
4707,磐亞,TPEx,化學工業,TW0004707005,1998/05/20
4711,永純,TPEx,化學工業,TW0004711007,1999/02/24
4714,永捷,TPEx,化學工業,TW0004714001,2000/03/27
4716,大立,TPEx,化學工業,TW0004716006,2000/03/27
4721,美琪瑪,TPEx,化學工業,TW0004721006,2001/03/09
4726,永昕,TPEx,生技醫療業,TW0004726005,2013/12/25
4728,雙美,TPEx,生技醫療業,TW0004728001,2012/01/10
4729,熒茂,TPEx,光電業,TW0004729009,2009/02/24
4735,豪展,TPEx,生技醫療業,TW0004735006,2011/08/16
4741,泓瀚,TPEx,化學工業,TW0004741004,2017/09/26
4743,合一,TPEx,生技醫療業,TW0004743000,2011/09/23
4744,皇將,TPEx,生技醫療業,TW0004744008,2018/07/12
4745,合富-KY,TPEx,生技醫療業,KYG248111042,2013/01/30
4747,強生,TPEx,生技醫療業,TW0004747001,2013/12/25
4749,新應材,TPEx,半導體業,TW0004749007,2025/01/17
4754,國碳科,TPEx,化學工業,TW0004754007,2016/09/28
4760,勤凱,TPEx,其他電子業,TW0004760004,2019/03/21
4767,誠泰科技,TPEx,化學工業,TW0004767009,2018/10/29
4768,晶呈科技,TPEx,化學工業,TW0004768007,2022/04/13
4772,台特化,TPEx,化學工業,TW0004772009,2024/09/20
4804,大略-KY,TPEx,觀光餐旅,KYG2646C1024,2015/12/04
4806,桂田文創,TPEx,文化創意業,TW0004806005,2016/03/09
4903,聯光通,TPEx,通信網路業,TW0004903000,2001/05/14
4905,台聯電,TPEx,通信網路業,TW0004905005,2001/12/07
4907,富宇,TPEx,建材營造業,TW0004907001,2002/03/04
4908,前鼎,TPEx,通信網路業,TW0004908009,2002/02/27
4909,新復興,TPEx,通信網路業,TW0004909007,2002/11/28
4911,德英,TPEx,生技醫療業,TW0004911003,2011/03/21
4923,力士,TPEx,半導體業,TW0004923008,2022/03/14
4924,欣厚-KY,TPEx,電腦及週邊設備業,KYG4642A1067,2011/10/18
4931,新盛力,TPEx,電腦及週邊設備業,TW0004931001,2019/09/17
4933,友輝,TPEx,光電業,TW0004933007,2010/05/04
4939,亞電,TPEx,電子零組件業,TW0004939004,2011/09/19
4946,辣椒,TPEx,文化創意業,TW0004946009,2011/06/10
4950,金耘國際,TPEx,鋼鐵工業,TW0004950001,2012/04/27
4951,精拓科,TPEx,半導體業,TW0004951009,2022/11/03
4953,緯軟,TPEx,資訊服務業,TW0004953005,2014/01/08
4966,譜瑞-KY,TPEx,半導體業,KYG6892A1085,2011/09/13
4971,IET-KY,TPEx,半導體業,KYG480071011,2013/07/24
4972,湯石照明,TPEx,光電業,TW0004972005,2013/06/17
4973,廣穎,TPEx,半導體業,TW0004973003,2012/06/19
4974,亞泰,TPEx,電子零組件業,TW0004974001,2011/11/29
4979,華星光,TPEx,通信網路業,TW0004979000,2011/12/12
4987,科誠,TPEx,電腦及週邊設備業,TW0004987003,2012/03/21
4991,環宇-KY,TPEx,半導體業,KYG377541019,2014/09/15
4995,晶達,TPEx,光電業,TW0004995006,2012/05/09
5009,榮剛,TPEx,鋼鐵工業,TW0005009005,1998/10/17
5011,久陽,TPEx,鋼鐵工業,TW0005011001,1999/05/06
5013,強新,TPEx,鋼鐵工業,TW0005013007,2000/05/08
5014,建錩,TPEx,鋼鐵工業,TW0005014005,2001/02/15
5015,華祺,TPEx,鋼鐵工業,TW0005015002,2000/12/15
5016,松和,TPEx,鋼鐵工業,TW0005016000,2001/03/05
5201,凱衛,TPEx,資訊服務業,TW0005201008,2000/10/12
5202,力新,TPEx,資訊服務業,TW0005202006,2000/10/18
5205,中茂,TPEx,綠能環保,TW0005205009,2001/05/14
5206,坤悅,TPEx,建材營造業,TW0005206007,2001/10/08
5209,新鼎,TPEx,其他業,TW0005209001,2002/02/25
5210,寶碩,TPEx,資訊服務業,TW0005210009,2002/04/25
5211,蒙恬,TPEx,資訊服務業,TW0005211007,2002/12/23
5212,凌網,TPEx,資訊服務業,TW0005212005,2003/03/24
5213,亞昕,TPEx,建材營造業,TW0005213003,2003/04/24
5220,萬達光電,TPEx,光電業,TW0005220008,2018/04/26
5223,安力-KY,TPEx,電腦及週邊設備業,KYG0458G1047,2018/07/02
5227,立凱-KY,TPEx,電子零組件業,KYG0100G1064,2013/12/09
5228,鈺鎧,TPEx,電子零組件業,TW0005228001,2022/05/20
5230,雷笛克光學,TPEx,光電業,TW0005230007,2012/06/05
5236,凌陽創新,TPEx,半導體業,TW0005236004,2021/07/29
5245,智晶,TPEx,光電業,TW0005245005,2015/05/25
5251,天鉞電,TPEx,光電業,TW0005251003,2012/11/26
5263,智崴,TPEx,文化創意業,TW0005263008,2012/12/18
5272,笙科,TPEx,半導體業,TW0005272009,2013/05/30
5274,信驊,TPEx,半導體業,TW0005274005,2013/04/30
5276,達輝-KY,TPEx,其他業,KYG2743W1006,2014/06/12
5278,尚凡*,TPEx,數位雲端,TW0005278006,2013/06/04
5287,數字,TPEx,數位雲端,TW0005287007,2014/01/20
5289,宜鼎,TPEx,電腦及週邊設備業,TW0005289003,2013/11/27
5291,邑昇,TPEx,電子零組件業,TW0005291009,2014/12/23
5299,杰力,TPEx,半導體業,TW0005299002,2018/01/23
5301,寶得利,TPEx,觀光餐旅,TW0005301006,1990/06/25
5302,太欣,TPEx,半導體業,TW0005302004,1991/01/17
5309,系統電,TPEx,電子零組件業,TW0005309009,1996/03/18
5310,天剛,TPEx,資訊服務業,TW0005310007,1996/04/09
5312,寶島科,TPEx,生技醫療業,TW0005312003,1996/05/25
5314,世紀*,TPEx,其他業,TW0005314009,1996/09/16
5315,光聯,TPEx,光電業,TW0005315006,1996/11/02
5321,美而快,TPEx,數位雲端,TW0005321004,1996/12/30
5324,士開,TPEx,建材營造業,TW0005324008,1997/01/30
5328,華容,TPEx,電子零組件業,TW0005328009,1997/08/28
5340,建榮,TPEx,電子零組件業,TW0005340004,1998/01/20
5344,立衛,TPEx,半導體業,TW0005344006,1998/03/23
5345,馥鴻,TPEx,其他業,TW0005345003,1998/03/23
5347,世界,TPEx,半導體業,TW0005347009,1998/03/25
5348,正能量智能,TPEx,運動休閒,TW0005348007,2025/06/02
5351,鈺創,TPEx,半導體業,TW0005351001,1998/05/15
5353,台林,TPEx,通信網路業,TW0005353007,1998/05/18
5355,佳總,TPEx,電子零組件業,TW0005355002,1998/06/23
5356,協益,TPEx,電腦及週邊設備業,TW0005356000,1998/07/20
5364,力麗店,TPEx,觀光餐旅,TW0005364004,2013/08/26
5371,中光電,TPEx,光電業,TW0005371009,1999/01/20
5381,合正,TPEx,電子零組件業,TW0005381008,1999/03/19
5386,青雲,TPEx,電腦及週邊設備業,TW0005386007,1999/05/13
5392,能率,TPEx,光電業,TW0005392005,1999/06/14
5398,慕康生醫,TPEx,其他業,TW0005398002,1999/10/11
5403,中菲,TPEx,資訊服務業,TW0005403000,1999/10/15
5410,國眾,TPEx,資訊服務業,TW0005410005,1999/11/26
5425,台半,TPEx,半導體業,TW0005425003,2000/02/21
5426,振發,TPEx,電腦及週邊設備業,TW0005426001,2000/02/09
5432,新門,TPEx,綠能環保,TW0005432009,2000/03/21
5438,東友,TPEx,電腦及週邊設備業,TW0005438006,2000/06/17
5439,高技,TPEx,電子零組件業,TW0005439004,2000/06/26
5443,均豪,TPEx,半導體業,TW0005443006,1998/02/09
5450,南良,TPEx,其他業,TW0005450001,2020/06/01
5452,佶優,TPEx,其他電子業,TW0005452007,2000/10/02
5455,昇益,TPEx,建材營造業,TW0005455000,2000/10/19
5457,宣德,TPEx,電子零組件業,TW0005457006,2000/09/29
5460,同協,TPEx,電子零組件業,TW0005460000,2000/09/28
5464,霖宏,TPEx,電子零組件業,TW0005464002,2000/11/08
5465,富驊,TPEx,電腦及週邊設備業,TW0005465009,2000/11/08
5468,凱鈺,TPEx,半導體業,TW0005468003,2001/01/17
5474,聰泰,TPEx,電腦及週邊設備業,TW0005474001,2001/03/20
5475,德宏,TPEx,電子零組件業,TW0005475008,2001/01/16
5478,智冠,TPEx,文化創意業,TW0005478002,2001/03/29
5481,新華,TPEx,其他業,TW0005481006,2020/06/01
5483,中美晶,TPEx,半導體業,TW0005483002,2001/03/02
5487,通泰,TPEx,半導體業,TW0005487003,2001/02/20
5488,松普,TPEx,電子零組件業,TW0005488001,2001/03/12
5489,彩富,TPEx,其他電子業,TW0005489009,2001/03/12
5490,同亨,TPEx,電腦及週邊設備業,TW0005490007,2001/05/14
5493,三聯,TPEx,其他電子業,TW0005493001,2001/05/03
5498,凱崴,TPEx,電子零組件業,TW0005498000,2001/03/29
5508,永信建,TPEx,建材營造業,TW0005508006,1998/05/13
5511,德昌,TPEx,建材營造業,TW0005511000,1998/12/09
5512,力麒,TPEx,建材營造業,TW0005512008,1998/12/04
5514,三豐,TPEx,建材營造業,TW0005514004,1998/12/29
5516,雙喜,TPEx,建材營造業,TW0005516009,1999/03/23
5520,力泰,TPEx,建材營造業,TW0005520001,1999/10/27
5523,豐謙,TPEx,建材營造業,TW0005523005,1999/12/27
5529,鉅陞,TPEx,建材營造業,TW0005529002,1996/01/12
5530,龍巖,TPEx,其他業,TW0005530000,2000/10/04
5536,聖暉*,TPEx,其他電子業,TW0005536007,2010/11/10
5543,桓鼎-KY,TPEx,建材營造業,KYG1676E1035,2016/05/09
5547,久舜,TPEx,建材營造業,TW0005547004,2026/02/03
5548,安倉,TPEx,建材營造業,TW0005548002,2024/03/18
5601,台聯櫃,TPEx,航運業,TW0005601009,1994/11/24
5603,陸海,TPEx,航運業,TW0005603005,1997/01/25
5604,中連,TPEx,其他業,TW0005604003,1997/05/22
5609,中菲行,TPEx,航運業,TW0005609002,2001/10/15
5701,劍湖山,TPEx,觀光餐旅,TW0005701007,1998/03/12
5703,亞都,TPEx,觀光餐旅,TW0005703003,1999/06/15
5704,老爺知,TPEx,觀光餐旅,TW0005704001,1999/12/21
5864,致和證,TPEx,金融保險業,TW0005864003,2018/04/02
5878,台名,TPEx,金融保險業,TW0005878003,2014/10/28
5902,德記,TPEx,居家生活,TW0005902001,1998/02/07
5903,全家,TPEx,居家生活,TW0005903009,2002/02/25
5904,寶雅,TPEx,居家生活,TW0005904007,2002/09/06
5905,南仁湖,TPEx,觀光餐旅,TW0005905004,2003/06/17
6015,宏遠證,TPEx,金融保險業,TW0006015001,1996/07/25
6016,康和證,TPEx,金融保險業,TW0006016009,1996/12/04
6020,大展證,TPEx,金融保險業,TW0006020001,2003/01/23
6021,美好證,TPEx,金融保險業,TW0006021009,2003/04/21
6023,元大期,TPEx,金融保險業,TW0006023005,2007/11/28
6026,福邦證,TPEx,金融保險業,TW0006026008,2016/01/27
6101,寬魚國際,TPEx,文化創意業,TW0006101009,2001/03/29
6103,合邦,TPEx,半導體業,TW0006103005,2001/05/07
6104,創惟,TPEx,半導體業,TW0006104003,2001/05/22
6109,亞元,TPEx,通信網路業,TW0006109002,2001/07/26
6111,大宇資,TPEx,文化創意業,TW0006111008,2001/08/08
6113,亞矽,TPEx,電子通路業,TW0006113004,2001/08/10
6114,久威,TPEx,電子零組件業,TW0006114002,2001/09/27
6118,建達,TPEx,電子通路業,TW0006118003,2001/10/25
6121,新普,TPEx,電腦及週邊設備業,TW0006121007,2001/11/27
6122,擎邦,TPEx,電機機械,TW0006122005,2000/07/14
6123,上奇,TPEx,資訊服務業,TW0006123003,2002/01/23
6124,業強,TPEx,電子零組件業,TW0006124001,2002/03/19
6125,廣運,TPEx,光電業,TW0006125008,2002/01/23
6126,信音,TPEx,電子零組件業,TW0006126006,2002/01/18
6127,九豪,TPEx,電子零組件業,TW0006127004,2002/01/10
6129,普誠,TPEx,半導體業,TW0006129000,2001/12/25
6130,上亞科技,TPEx,生技醫療業,TW0006130008,2002/03/26
6134,萬旭,TPEx,電子零組件業,TW0006134000,2002/01/08
6138,茂達,TPEx,半導體業,TW0006138001,2002/01/18
6140,訊達,TPEx,資訊服務業,TW0006140007,2002/02/04
6143,振曜,TPEx,通信網路業,TW0006143001,2002/01/28
6144,得利影,TPEx,文化創意業,TW0006144009,2002/01/23
6146,耕興,TPEx,其他電子業,TW0006146004,2002/01/23
6147,頎邦,TPEx,半導體業,TW0006147002,2002/01/31
6148,驊宏資,TPEx,資訊服務業,TW0006148000,2002/02/01
6150,撼訊,TPEx,電腦及週邊設備業,TW0006150006,2002/03/11
6151,晉倫,TPEx,其他電子業,TW0006151004,2002/02/25
6154,順發,TPEx,電子通路業,TW0006154008,2002/02/18
6156,松上,TPEx,電子零組件業,TW0006156003,2002/02/19
6158,禾昌,TPEx,電子零組件業,TW0006158009,2002/02/19
6160,欣技,TPEx,電腦及週邊設備業,TW0006160005,2002/03/01
6161,捷波,TPEx,電腦及週邊設備業,TW0006161003,2002/03/01
6163,華電網,TPEx,通信網路業,TW0006163009,2002/03/19
6167,久正,TPEx,光電業,TW0006167000,2002/03/26
6169,昱泉,TPEx,文化創意業,TW0006169006,2002/03/22
6170,統振,TPEx,通信網路業,TW0006170004,2002/04/16
6171,大城地產,TPEx,建材營造業,TW0006171002,2002/04/22
6173,信昌電,TPEx,電子零組件業,TW0006173008,2002/04/19
6174,安碁,TPEx,電子零組件業,TW0006174006,2002/05/02
6175,立敦,TPEx,電子零組件業,TW0006175003,2002/06/10
6179,亞通,TPEx,其他業,TW0006179005,2002/05/17
6180,橘子,TPEx,文化創意業,TW0006180003,2002/05/21
6182,合晶,TPEx,半導體業,TW0006182009,2002/05/16
6185,幃翔,TPEx,電子零組件業,TW0006185002,2002/08/09
6186,新潤,TPEx,建材營造業,TW0006186000,2002/08/02
6187,萬潤,TPEx,半導體業,TW0006187008,2002/09/27
6188,廣明,TPEx,電腦及週邊設備業,TW0006188006,2002/08/27
6190,萬泰科,TPEx,通信網路業,TW0006190002,1998/02/04
6194,育富,TPEx,電子零組件業,TW0006194004,2002/12/05
6195,詩肯,TPEx,居家生活,TW0006195001,2002/10/21
6198,瑞築,TPEx,建材營造業,TW0006198005,2002/12/26
6199,天品,TPEx,其他業,TW0006199003,2016/10/07
6203,海韻電,TPEx,電子零組件業,TW0006203003,2002/12/26
6204,艾華,TPEx,電子零組件業,TW0006204001,2002/11/13
6207,雷科,TPEx,電子零組件業,TW0006207004,2002/12/23
6208,日揚,TPEx,半導體業,TW0006208002,2002/12/23
6210,慶生,TPEx,電子零組件業,TW0006210008,2003/02/14
6212,理銘,TPEx,建材營造業,TW0006212004,2002/12/26
6217,中探針,TPEx,電子零組件業,TW0006217003,2003/01/09
6218,豪勉,TPEx,通信網路業,TW0006218001,2003/01/14
6219,富旺,TPEx,建材營造業,TW0006219009,2003/02/26
6220,岳豐,TPEx,電子零組件業,TW0006220007,2003/01/09
6221,晉泰,TPEx,資訊服務業,TW0006221005,2003/01/06
6222,立軒,TPEx,光電業,TW0006222003,2003/01/09
6223,旺矽,TPEx,半導體業,TW0006223001,2003/01/06
6227,茂綸,TPEx,電子通路業,TW0006227002,2003/01/14
6228,全譜,TPEx,電腦及週邊設備業,TW0006228000,2003/01/21
6229,研通,TPEx,半導體業,TW0006229008,2003/01/14
6231,系微,TPEx,資訊服務業,TW0006231004,2003/01/23
6233,旺玖,TPEx,半導體業,TW0006233000,2003/02/20
6234,高僑,TPEx,光電業,TW0006234008,2003/03/12
6236,中湛,TPEx,其他業,TW0006236003,2003/03/31
6237,驊訊,TPEx,半導體業,TW0006237001,2003/04/21
6240,松崗,TPEx,資訊服務業,TW0006240005,2003/05/30
6241,易通展,TPEx,通信網路業,TW0006241003,2003/04/08
6242,立康,TPEx,生技醫療業,TW0006242001,2003/04/23
6244,茂迪,TPEx,光電業,TW0006244007,2003/05/15
6245,立端,TPEx,通信網路業,TW0006245004,2003/05/19
6246,臺龍,TPEx,光電業,TW0006246002,2003/06/18
6248,沛波,TPEx,鋼鐵工業,TW0006248008,2003/09/03
6259,百徽,TPEx,電子零組件業,TW0006259005,2003/09/17
6261,久元,TPEx,半導體業,TW0006261001,2004/03/29
6263,普萊德,TPEx,通信網路業,TW0006263007,2003/09/17
6264,富裔,TPEx,建材營造業,TW0006264005,2004/02/24
6265,方土昶,TPEx,電子通路業,TW0006265002,2003/10/24
6266,泰詠,TPEx,電子零組件業,TW0006266000,2004/04/29
6270,倍微,TPEx,電子通路業,TW0006270002,2003/09/17
6274,台燿,TPEx,電子零組件業,TW0006274004,2003/12/18
6275,元山,TPEx,電子零組件業,TW0006275001,2004/12/23
6276,安鈦克,TPEx,電腦及週邊設備業,TW0006276009,2003/10/30
6279,胡連,TPEx,電子零組件業,TW0006279003,2003/11/26
6284,佳邦,TPEx,電子零組件業,TW0006284003,2004/06/29
6290,良維,TPEx,電子零組件業,TW0006290000,2005/06/03
6291,沛亨,TPEx,半導體業,TW0006291008,2004/01/28
6292,迅德,TPEx,電子零組件業,TW0006292006,2003/11/26
6294,智基,TPEx,文化創意業,TW0006294002,2004/01/13
6411,晶焱,TPEx,半導體業,TW0006411002,2014/03/11
6417,韋僑,TPEx,通信網路業,TW0006417009,2015/10/08
6418,詠昇,TPEx,電子零組件業,TW0006418007,2019/02/18
6419,京晨科,TPEx,光電業,TW0006419005,2014/12/29
6423,億而得,TPEx,半導體業,TW0006423007,2026/01/22
6425,易發,TPEx,電機機械,TW0006425002,2019/01/18
6432,今展科,TPEx,電子零組件業,TW0006432008,2015/05/20
6435,大中,TPEx,半導體業,TW0006435001,2016/01/07
6441,廣錠,TPEx,電腦及週邊設備業,TW0006441009,2017/09/27
6461,益得,TPEx,生技醫療業,TW0006461007,2018/03/28
6462,神盾,TPEx,半導體業,TW0006462005,2015/12/23
6465,威潤,TPEx,通信網路業,TW0006465008,2015/11/20
6469,大樹,TPEx,生技醫療業,TW0006469000,2016/03/30
6470,宇智,TPEx,通信網路業,TW0006470008,2015/11/03
6474,華豫寧,TPEx,電子通路業,TW0006474000,2025/11/25
6482,弘煜科,TPEx,文化創意業,TW0006482003,2016/06/13
6485,點序,TPEx,半導體業,TW0006485006,2015/11/17
6486,互動,TPEx,通信網路業,TW0006486004,2016/09/13
6488,環球晶,TPEx,半導體業,TW0006488000,2015/09/25
6492,生華科,TPEx,生技醫療業,TW0006492002,2017/04/24
6494,九齊,TPEx,半導體業,TW0006494008,2016/05/09
6496,科懋,TPEx,生技醫療業,TW0006496003,2016/01/07
6498,久禾光,TPEx,光電業,TW0006498009,2025/05/20
6499,益安,TPEx,生技醫療業,TW0006499007,2016/07/27
6506,雙邦,TPEx,紡織纖維,TW0006506009,2011/05/03
6508,惠光,TPEx,農業科技業,TW0006508005,2004/03/22
6509,聚和,TPEx,化學工業,TW0006509003,2004/04/12
6510,精測,TPEx,半導體業,TW0006510001,2016/03/24
6512,啟發電,TPEx,其他電子業,TW0006512007,2016/03/25
6516,勤崴國際,TPEx,資訊服務業,TW0006516008,2019/05/06
6517,保勝光學,TPEx,光電業,TW0006517006,2022/12/15
6523,達爾膚,TPEx,生技醫療業,TW0006523004,2016/06/16
6527,明達醫,TPEx,生技醫療業,TW0006527005,2019/12/25
6530,創威,TPEx,通信網路業,TW0006530009,2018/01/23
6532,瑞耘,TPEx,半導體業,TW0006532005,2016/09/26
6535,順藥,TPEx,生技醫療業,TW0006535008,2016/09/26
6538,倉和,TPEx,電子零組件業,TW0006538002,2016/10/21
6542,隆中,TPEx,文化創意業,TW0006542004,2016/09/08
6546,正基,TPEx,通信網路業,TW0006546005,2022/05/24
6547,高端疫苗,TPEx,生技醫療業,TW0006547003,2018/04/17
6548,長科*,TPEx,半導體業,TW0006548001,2016/09/13
6556,勝品,TPEx,光電業,TW0006556004,2017/10/31
6560,欣普羅,TPEx,光電業,TW0006560006,2017/01/24
6561,是方,TPEx,通信網路業,TW0006561004,2018/06/05
6568,宏觀,TPEx,半導體業,TW0006568009,2016/12/28
6569,醫揚,TPEx,生技醫療業,TW0006569007,2016/12/21
6570,維田,TPEx,電腦及週邊設備業,TW0006570005,2017/12/11
6574,霈方,TPEx,生技醫療業,TW0006574007,2017/09/04
6576,逸達,TPEx,生技醫療業,TW0006576002,2018/06/29
6577,勁豐,TPEx,電腦及週邊設備業,TW0006577000,2017/03/21
6578,達邦蛋白,TPEx,農業科技業,TW0006578008,2018/09/18
6584,南俊國際,TPEx,電子零組件業,TW0006584006,2023/05/18
6588,東典光電,TPEx,通信網路業,TW0006588007,2020/07/01
6590,普鴻,TPEx,資訊服務業,TW0006590003,2018/12/24
6593,台灣銘板,TPEx,資訊服務業,TW0006593007,2017/11/03
6596,寬宏藝術,TPEx,文化創意業,TW0006596000,2018/01/04
6597,立誠,TPEx,電子零組件業,TW0006597008,2025/05/08
6603,富強鑫,TPEx,電機機械,TW0006603004,2004/04/05
6609,瀧澤科,TPEx,電機機械,TW0006609001,2003/09/23
6612,奈米醫材,TPEx,生技醫療業,TW0006612005,2018/07/18
6613,朋億*,TPEx,其他電子業,TW0006613003,2017/12/28
6615,慧智,TPEx,生技醫療業,TW0006615008,2018/01/22
6616,特昇-KY,TPEx,居家生活,KYG870931030,2018/01/10
6617,共信-KY,TPEx,生技醫療業,KYG409471060,2024/06/18
6620,漢達,TPEx,生技醫療業,TW0006620008,2025/12/23
6624,萬年清,TPEx,綠能環保,TW0006624000,2019/05/28
6629,泰金-KY,TPEx,居家生活,KYG877791072,2019/06/06
6637,醫影,TPEx,生技醫療業,TW0006637002,2024/06/18
6640,均華,TPEx,半導體業,TW0006640006,2018/10/23
6642,富致,TPEx,電子零組件業,TW0006642002,2019/09/23
6643,M31,TPEx,半導體業,TW0006643000,2019/01/23
6649,台生材,TPEx,生技醫療業,TW0006649007,2019/06/05
6651,全宇昕,TPEx,半導體業,TW0006651003,2021/02/01
6654,天正國際,TPEx,其他電子業,TW0006654007,2018/10/23
6661,威健生技,TPEx,生技醫療業,TW0006661002,2021/01/27
6662,樂斯科,TPEx,生技醫療業,TW0006662000,2019/03/26
6664,群翊,TPEx,電子零組件業,TW0006664006,2018/09/12
6667,信紘科,TPEx,其他電子業,TW0006667009,2018/11/13
6679,鈺太,TPEx,半導體業,TW0006679004,2019/05/09
6680,鑫創電子,TPEx,電腦及週邊設備業,TW0006680002,2019/09/16
6683,雍智科技,TPEx,半導體業,TW0006683006,2019/04/23
6684,安格,TPEx,半導體業,TW0006684004,2021/08/11
6690,安碁資訊,TPEx,數位雲端,TW0006690001,2019/10/30
6692,進能服,TPEx,綠能環保,TW0006692007,2024/02/02
6693,廣閎科,TPEx,半導體業,TW0006693005,2022/03/01
6697,東捷資訊,TPEx,資訊服務業,TW0006697006,2019/12/26
6703,軒郁,TPEx,生技醫療業,TW0006703002,2020/10/20
6708,天擎,TPEx,半導體業,TW0006708001,2022/12/29
6712,長聖,TPEx,生技醫療業,TW0006712003,2021/01/08
6716,應廣,TPEx,半導體業,TW0006716004,2020/03/27
6720,久昌,TPEx,半導體業,TW0006720006,2024/12/04
6721,信實,TPEx,其他業,TW0006721004,2022/04/29
6725,矽科宏晟,TPEx,其他電子業,TW0006725005,2025/12/30
6727,亞泰金屬,TPEx,電子零組件業,TW0006727001,2020/12/01
6728,上洋,TPEx,居家生活,TW0006728009,2020/12/25
6730,常廣,TPEx,生技醫療業,TW0006730005,2025/12/10
6732,昇佳電子,TPEx,半導體業,TW0006732001,2020/06/08
6733,博晟生醫,TPEx,生技醫療業,TW0006733009,2021/01/28
6735,美達科技,TPEx,其他電子業,TW0006735004,2022/04/29
6739,竹陞科技,TPEx,其他電子業,TW0006739006,2024/09/02
6741,91APP*-KY,TPEx,數位雲端,KYG6525T1022,2021/05/25
6751,智聯服務,TPEx,資訊服務業,TW0006751001,2020/12/25
6752,叡揚,TPEx,資訊服務業,TW0006752009,2020/12/10
6761,穩得,TPEx,電子零組件業,TW0006761000,2021/11/08
6762,達亞,TPEx,生技醫療業,TW0006762008,2020/12/18
6763,綠界科技*,TPEx,數位雲端,TW0006763006,2022/03/15
6767,台微醫,TPEx,生技醫療業,TW0006767007,2021/01/25
6785,昱展新藥,TPEx,生技醫療業,TW0006785009,2024/01/24
6788,華景電,TPEx,半導體業,TW0006788003,2021/09/29
6791,虎門科技,TPEx,資訊服務業,TW0006791007,2022/11/14
6803,崑鼎,TPEx,綠能環保,TW0006803000,2010/05/27
6804,明係,TPEx,運動休閒,TW0006804008,2022/03/31
6811,宏碁資訊,TPEx,數位雲端,TW0006811003,2022/08/09
6821,聯寶,TPEx,電子零組件業,TW0006821002,2023/05/22
6823,濾能,TPEx,半導體業,TW0006823008,2022/06/30
6829,千附精密,TPEx,半導體業,TW0006829005,2022/03/11
6840,東研信超,TPEx,其他電子業,TW0006840002,2023/03/24
6841,長佳智能,TPEx,生技醫療業,TW0006841000,2023/03/01
6843,進典,TPEx,電機機械,TW0006843006,2022/11/21
6844,諾貝兒,TPEx,生技醫療業,TW0006844004,2024/03/08
6846,綠茵,TPEx,食品工業,TW0006846009,2023/05/15
6855,數泓科,TPEx,其他電子業,TW0006855000,2022/10/06
6856,鑫傳,TPEx,文化創意業,TW0006856008,2023/10/27
6859,伯特光,TPEx,光電業,TW0006859002,2022/11/28
6865,偉康科技,TPEx,數位雲端,TW0006865009,2023/01/11
6870,騰雲,TPEx,數位雲端,TW0006870009,2023/09/14
6872,浩宇生醫,TPEx,生技醫療業,TW0006872005,2025/03/07
6874,倍力,TPEx,資訊服務業,TW0006874001,2022/12/14
6875,國邑*,TPEx,生技醫療業,TW0006875008,2024/03/26
6877,鏵友益,TPEx,其他電子業,TW0006877004,2023/06/16
6881,潤德,TPEx,其他業,TW0006881006,2024/05/21
6884,海柏特,TPEx,資訊服務業,TW0006884000,2025/12/17
6894,衛司特,TPEx,綠能環保,TW0006894009,2023/11/29
6895,宏碩系統,TPEx,半導體業,TW0006895006,2023/08/22
6899,創為精密,TPEx,光電業,TW0006899008,2024/04/08
6903,巨漢,TPEx,其他電子業,TW0006903008,2024/06/12
6904,伯鑫,TPEx,其他業,TW0006904006,2023/12/05
6907,雅特力-KY,TPEx,半導體業,KYG0511A1022,2026/01/29
6910,德鴻,TPEx,數位雲端,TW0006910003,2025/12/11
6913,鴻呈,TPEx,電子零組件業,TW0006913007,2024/10/01
6922,宸曜,TPEx,電腦及週邊設備業,TW0006922008,2023/11/09
6925,意藍,TPEx,數位雲端,TW0006925001,2025/05/28
6929,佑全,TPEx,生技醫療業,TW0006929003,2024/03/28
6953,家碩,TPEx,半導體業,TW0006953003,2024/05/13
6961,旅天下,TPEx,觀光餐旅,TW0006961006,2026/01/22
6967,汎瑋材料,TPEx,電子零組件業,TW0006967003,2024/09/25
6968,萬達寵物,TPEx,居家生活,TW0006968001,2024/08/14
6971,惠民實業,TPEx,綠能環保,TW0006971005,2025/10/02
6982,大井泵浦,TPEx,電機機械,TW0006982002,2024/12/18
6996,力領科技,TPEx,半導體業,TW0006996002,2024/12/10
6997,博弘,TPEx,數位雲端,TW0006997000,2024/12/16
7402,邑錡,TPEx,光電業,TW0007402000,2015/12/29
7547,碩網,TPEx,數位雲端,TW0007547B12,2025/07/29
7556,意德士,TPEx,半導體業,TW0007556B10,2020/10/30
7584,樂意,TPEx,文化創意業,TW0007584B16,2024/07/25
7642,昶瑞機電,TPEx,電機機械,TW0007642B16,2025/05/22
7703,銳澤,TPEx,其他電子業,TW0007703001,2024/11/13
7704,明遠精密,TPEx,半導體業,TW0007704009,2024/12/16
7708,全家餐飲,TPEx,觀光餐旅,TW0007708000,2024/11/15
7709,榮田,TPEx,電機機械,TW0007709008,2025/02/25
7712,博盛半導體,TPEx,半導體業,TW0007712002,2024/12/26
7713,威力德生醫,TPEx,生技醫療業,TW0007713000,2025/02/24
7714,創泓科技,TPEx,數位雲端,TW0007714008,2025/01/15
7715,裕山,TPEx,綠能環保,TW0007715005,2025/01/15
7716,昱臺國際,TPEx,航運業,TW0007716003,2025/10/28
7717,萊德光電-KY,TPEx,通信網路業,KYG5486D1060,2025/11/17
7718,友鋮,TPEx,鋼鐵工業,TW0007718009,2025/03/18
7723,築間,TPEx,觀光餐旅,TW0007723009,2025/04/30
7728,光焱科技,TPEx,其他電子業,TW0007728008,2025/03/06
7734,印能科技,TPEx,半導體業,TW0007734006,2025/02/26
7738,東聯互動,TPEx,數位雲端,TW0007738007,2025/10/16
7743,金利食安,TPEx,食品工業,TW0007743007,2025/05/20
7744,崴寶,TPEx,電子零組件業,TW0007744005,2025/11/27
7747,昕奇雲端,TPEx,數位雲端,TW0007747008,2025/07/11
7751,竑騰,TPEx,半導體業,TW0007751000,2025/08/26
7753,星亞,TPEx,光電業,TW0007753006,2025/08/11
7757,金色三麥,TPEx,觀光餐旅,TW0007757007,2025/10/20
7767,仁大資訊,TPEx,資訊服務業,TW0007767006,2025/12/10
7770,君曜,TPEx,半導體業,TW0007770000,2025/12/10
7777,能率亞洲,TPEx,其他業,TW0007777005,2025/12/22
7782,光速火箭,TPEx,居家生活,TW0007782005,2025/10/28
7792,安葆,TPEx,其他電子業,TW0007792004,2026/01/28
7805,威聯通,TPEx,數位雲端,TW0007805004,2025/12/22
7810,捷創科技,TPEx,半導體業,TW0007810004,2025/12/23
8024,佑華,TPEx,半導體業,TW0008024001,2006/09/25
8027,鈦昇,TPEx,電機機械,TW0008027004,2015/06/09
8032,光菱,TPEx,電子通路業,TW0008032004,2003/10/02
8034,榮群,TPEx,通信網路業,TW0008034000,2004/05/06
8038,長園科,TPEx,電子零組件業,TW0008038001,2013/11/21
8040,九暘,TPEx,半導體業,TW0008040007,2007/04/30
8042,金山電,TPEx,電子零組件業,TW0008042003,2004/03/22
8043,蜜望實,TPEx,電子零組件業,TW0008043001,2003/10/24
8044,網家,TPEx,數位雲端,TW0008044009,2005/01/24
8047,星雲,TPEx,其他電子業,TW0008047002,2004/02/09
8048,德勝,TPEx,通信網路業,TW0008048000,2009/09/08
8049,晶采,TPEx,光電業,TW0008049008,2004/02/02
8050,廣積,TPEx,電腦及週邊設備業,TW0008050006,2003/10/24
8054,安國,TPEx,半導體業,TW0008054008,2004/11/08
8059,凱碩,TPEx,通信網路業,TW0008059007,2010/03/16
8064,東捷,TPEx,光電業,TW0008064007,2006/09/25
8066,來思達,TPEx,居家生活,TW0008066002,2004/12/24
8067,志旭,TPEx,電子通路業,TW0008067000,2004/04/23
8068,全達,TPEx,電子通路業,TW0008068008,2004/03/25
8069,元太,TPEx,光電業,TW0008069006,2004/03/30
8071,能率網通,TPEx,電子零組件業,TW0008071002,2003/12/29
8074,鉅橡,TPEx,電子零組件業,TW0008074006,2004/01/27
8076,伍豐,TPEx,電腦及週邊設備業,TW0008076001,2003/12/15
8077,洛碁,TPEx,觀光餐旅,TW0008077009,2004/12/06
8080,泰霖,TPEx,建材營造業,TW0008080003,2021/04/07
8083,瑞穎,TPEx,電機機械,TW0008083007,2004/09/23
8084,巨虹,TPEx,電子通路業,TW0008084005,2004/03/08
8085,福華,TPEx,其他電子業,TW0008085002,2004/03/01
8086,宏捷科,TPEx,半導體業,TW0008086000,2009/06/01
8087,麗升能源,TPEx,綠能環保,TW0008087008,2004/02/25
8088,品安,TPEx,半導體業,TW0008088006,2004/02/27
8089,康全電訊,TPEx,通信網路業,TW0008089004,2020/09/23
8091,翔名,TPEx,半導體業,TW0008091000,2004/06/24
8092,建暐,TPEx,其他電子業,TW0008092008,2004/02/02
8093,保銳,TPEx,電子零組件業,TW0008093006,2004/12/31
8096,擎亞,TPEx,電子通路業,TW0008096009,2004/07/15
8097,常珵,TPEx,通信網路業,TW0008097007,2004/03/01
8099,大世科,TPEx,資訊服務業,TW0008099003,2004/03/29
8102,傑霖科技,TPEx,半導體業,TW0008102005,2025/12/22
8107,大億金茂,TPEx,電機機械,TW0008107004,2005/11/15
8109,博大,TPEx,電子零組件業,TW0008109000,2005/03/22
8111,立碁,TPEx,光電業,TW0008111006,2004/02/09
8121,越峰,TPEx,電子零組件業,TW0008121005,2005/02/17
8147,正淩,TPEx,電子零組件業,TW0008147000,2013/04/30
8155,博智,TPEx,電子零組件業,TW0008155003,2012/12/18
8171,天宇,TPEx,綠能環保,TW0008171000,2011/12/19
8176,智捷,TPEx,通信網路業,TW0008176009,2013/06/25
8182,加高,TPEx,電子零組件業,TW0008182007,2006/05/25
8183,精星,TPEx,其他電子業,TW0008183005,2005/03/30
8227,巨有科技,TPEx,半導體業,TW0008227000,2022/12/20
8234,新漢,TPEx,電腦及週邊設備業,TW0008234006,2007/06/07
8240,華宏,TPEx,光電業,TW0008240003,2005/06/23
8255,朋程,TPEx,電機機械,TW0008255001,2006/04/25
8272,全景軟體,TPEx,資訊服務業,TW0008272006,2024/10/23
8277,商丞,TPEx,半導體業,TW0008277005,2004/12/27
8279,生展,TPEx,生技醫療業,TW0008279001,2016/09/26
8284,三竹,TPEx,資訊服務業,TW0008284001,2020/05/18
8289,泰藝,TPEx,電子零組件業,TW0008289000,2008/04/24
8291,尚茂,TPEx,電子零組件業,TW0008291006,2011/11/29
8299,群聯,TPEx,半導體業,TW0008299009,2004/12/06
8342,益張,TPEx,其他業,TW0008342007,2017/11/23
8349,恒耀,TPEx,鋼鐵工業,TW0008349002,2006/03/10
8354,冠好,TPEx,其他業,TW0008354002,2004/04/15
8358,金居,TPEx,電子零組件業,TW0008358003,2010/09/27
8383,千附,TPEx,半導體業,TW0008383001,2004/09/10
8390,金益鼎,TPEx,綠能環保,TW0008390006,2008/05/21
8401,白紗科,TPEx,其他業,TW0008401001,2010/03/29
8403,盛弘,TPEx,生技醫療業,TW0008403007,2011/03/01
8409,商之器,TPEx,生技醫療業,TW0008409004,2013/11/25
8410,森田,TPEx,電腦及週邊設備業,TW0008410002,2011/02/23
8415,大國鋼,TPEx,鋼鐵工業,TW0008415001,2016/09/07
8416,實威,TPEx,資訊服務業,TW0008416009,2012/09/19
8421,旭源,TPEx,其他業,TW0008421009,2012/11/23
8423,保綠-KY,TPEx,綠能環保,KYG715991074,2012/03/14
8424,惠普,TPEx,建材營造業,TW0008424003,2012/12/18
8426,紅木-KY,TPEx,其他業,KYG7457N1051,2011/12/13
8431,匯鑽科,TPEx,其他電子業,TW0008431008,2015/03/30
8432,東生華,TPEx,生技醫療業,TW0008432006,2012/04/30
8433,弘帆,TPEx,居家生活,TW0008433004,2012/12/19
8435,鉅邁,TPEx,其他業,TW0008435009,2012/12/28
8436,大江,TPEx,生技醫療業,TW0008436007,2013/09/12
8437,大地-KY,TPEx,其他業,KYG2615N1051,2015/05/06
8440,綠電,TPEx,綠能環保,TW0008440009,2018/03/28
8444,綠河-KY,TPEx,其他業,KYG409691006,2015/10/27
8446,華研,TPEx,文化創意業,TW0008446006,2013/12/19
8450,霹靂,TPEx,文化創意業,TW0008450008,2014/10/07
8455,大拓-KY,TPEx,其他電子業,KYG264101034,2016/01/08
8472,夠麻吉,TPEx,數位雲端,TW0008472002,2016/01/11
8477,創業家,TPEx,數位雲端,TW0008477001,2025/08/25
8489,三貝德,TPEx,其他業,TW0008489006,2017/04/27
8905,裕國,TPEx,其他業,TW0008905001,1996/01/31
8906,花王,TPEx,其他業,TW0008906009,1996/04/23
8908,欣雄,TPEx,油電燃氣業,TW0008908005,1997/02/14
8916,光隆,TPEx,其他業,TW0008916008,1999/04/20
8917,欣泰,TPEx,油電燃氣業,TW0008917006,1999/05/06
8921,沈氏,TPEx,其他業,TW0008921008,2000/03/21
8923,時報,TPEx,文化創意業,TW0008923004,1999/12/27
8924,大田,TPEx,運動休閒,TW0008924002,2000/02/09
8927,北基,TPEx,油電燃氣業,TW0008927005,2000/11/02
8928,鉅明,TPEx,運動休閒,TW0008928003,2001/02/02
8929,富堡,TPEx,其他業,TW0008929001,2000/11/30
8930,青鋼,TPEx,鋼鐵工業,TW0008930009,2000/12/06
8931,大汽電,TPEx,油電燃氣業,TW0008931007,2001/05/10
8932,智通*,TPEx,其他業,TW0008932005,2001/03/29
8933,愛地雅,TPEx,運動休閒,TW0008933003,2001/03/28
8935,邦泰,TPEx,其他業,TW0008935008,2002/03/26
8936,國統,TPEx,其他業,TW0008936006,2002/09/09
8937,合騏,TPEx,其他業,TW0008937004,2002/10/29
8938,明安,TPEx,運動休閒,TW0008938002,2002/12/02
8941,關中,TPEx,居家生活,TW0008941006,2003/01/20
8942,森鉅,TPEx,其他業,TW0008942004,2003/05/16
9949,琉園,TPEx,文化創意業,TW0009949008,2003/11/21
9950,萬國通,TPEx,塑膠工業,TW0009950006,2004/02/17
9951,皇田,TPEx,電機機械,TW0009951004,2003/12/18
9960,邁達康,TPEx,運動休閒,TW0009960005,2004/12/06
9962,有益,TPEx,鋼鐵工業,TW0009962001,2006/07/10
1260,富味鄉,ESB,食品工業,TW0001260008,2012/11/26
1269,乾杯,ESB,觀光餐旅,TW0001269009,2016/08/29
1271,晨暉生技,ESB,生技醫療業,TW0001271005,2021/01/18
1293,利統,ESB,食品工業,TW0001293009,2021/10/29
1343,旭東環保,ESB,綠能環保,TW0001343002,2021/03/25
1480,東盟開發,ESB,鋼鐵工業,TW0001480002,2023/10/27
1594,日高,ESB,電機機械,TW0001594000,2010/10/13
1780,立弘,ESB,生技醫療業,TW0001780005,2010/04/29
2071,震南鐵,ESB,鋼鐵工業,TW0002071008,2019/09/23
2072,世紀風電,ESB,鋼鐵工業,TW0002072006,2020/11/30
2237,華德動能,ESB,電機機械,TW0002237005,2014/12/23
2245,詠勝昌*,ESB,電機機械,TW0002245008,2016/12/15
2249,湧盛,ESB,電機機械,TW0002249000,2019/12/19
2252,為昇科,ESB,其他電子業,TW0002252004,2021/08/23
2255,凱銳光電,ESB,其他電子業,TW0002255007,2021/11/30
2256,歐特明,ESB,其他電子業,TW0002256005,2021/12/08
2644,中信造船,ESB,航運業,TW0002644002,2022/10/11
2733,維格餅家,ESB,觀光餐旅,TW0002733003,2012/12/24
2741,老四川,ESB,觀光餐旅,TW0002741006,2014/10/28
2758,路易莎咖啡,ESB,觀光餐旅,TW0002758000,2021/09/17
2760,巨宇翔,ESB,觀光餐旅,TW0002760006,2022/12/26
2761,橘焱胡同,ESB,觀光餐旅,TW0002761004,2022/04/20
2938,床的世界,ESB,居家生活,TW0002938008,2016/10/05
2940,歐都納,ESB,運動休閒,TW0002940004,2025/05/05
2942,京站,ESB,居家生活,TW0002942000,2018/03/31
3097,拍檔,ESB,電腦及週邊設備業,TW0003097002,2002/08/02
3117,年程,ESB,電子零組件業,TW0003117008,2012/08/31
3184,微邦,ESB,生技醫療業,TW0003184008,2013/04/18
3473,智通聯網,ESB,通信網路業,TW0003473005,2025/08/11
3485,敘豐,ESB,光電業,TW0003485009,2012/09/28
3585,聯致,ESB,電子零組件業,TW0003585006,2007/10/25
3595,山太士,ESB,光電業,TW0003595005,2007/11/16
3603,建祥國際,ESB,電子通路業,TW0003603007,2008/01/09
3616,泓辰,ESB,電機機械,TW0003616009,2024/11/06
3633,云光,ESB,光電業,TW0003633004,2008/08/06
3659,百辰,ESB,光電業,TW0003659009,2009/10/19
3678,聯享,ESB,光電業,TW0003678009,2009/10/22
4115,善德生技,ESB,生技醫療業,TW0004115001,2022/08/31
4117,普生,ESB,生技醫療業,TW0004117007,2002/07/04
4132,國鼎,ESB,生技醫療業,TW0004132006,2010/05/26
4150,優你康,ESB,生技醫療業,TW0004150008,2010/09/15
4169,泰宗,ESB,生技醫療業,TW0004169008,2012/05/07
4170,鑫品生醫,ESB,生技醫療業,TW0004170006,2023/12/28
4172,因華,ESB,生技醫療業,TW0004172002,2012/09/13
4178,永笙-KY,ESB,生技醫療業,KYG8477S1084,2024/12/05
4186,尖端醫,ESB,生技醫療業,TW0004186002,2012/11/27
4194,禾生技,ESB,生技醫療業,TW0004194006,2013/12/13
4195,基米,ESB,生技醫療業,TW0004195003,2013/12/16
4197,暐世,ESB,生技醫療業,TW0004197009,2013/10/24
4431,敏成健康,ESB,其他業,TW0004431002,2011/08/30
4537,旭東,ESB,光電業,TW0004537006,2012/05/03
4544,春日,ESB,電機機械,TW0004544002,2012/12/24
4546,長亨,ESB,電機機械,TW0004546007,2013/07/30
4553,盛復,ESB,電機機械,TW0004553003,2014/09/16
4559,久裕興,ESB,運動休閒,TW0004559000,2014/12/08
4565,宏偉,ESB,電機機械,TW0004565007,2016/10/05
4570,傑生,ESB,電機機械,TW0004570007,2024/03/14
4573,高明鐵,ESB,電機機械,TW0004573001,2018/07/26
4575,銓寶,ESB,電機機械,TW0004575006,2018/11/19
4582,聚恆,ESB,綠能環保,TW0004582002,2019/09/30
4587,寶元數控,ESB,電機機械,TW0004587001,2022/07/27
4589,碩陽電機,ESB,電機機械,TW0004589007,2023/04/27
4724,宣捷幹細胞,ESB,生技醫療業,TW0004724000,2023/06/16
4732,彥臣,ESB,生技醫療業,TW0004732003,2007/12/25
4738,大同精化,ESB,化學工業,TW0004738000,2009/09/09
4765,磐采,ESB,化學工業,TW0004765003,2016/12/05
4773,高福,ESB,化學工業,TW0004773007,2022/10/25
4925,智微,ESB,半導體業,TW0004925003,2010/10/28
4980,佐臻,ESB,電子零組件業,TW0004980008,2010/11/16
5240,建騰,ESB,光電業,TW0005240006,2011/06/22
5246,勵威,ESB,半導體業,TW0005246003,2022/11/03
5248,景傳,ESB,光電業,TW0005248009,2011/09/06
5254,欣訊科技,ESB,電子零組件業,TW0005254007,2019/01/08
5262,立達,ESB,半導體業,TW0005262000,2013/10/21
5267,龍翩,ESB,光電業,TW0005267009,2012/02/24
5271,紘通,ESB,電子零組件業,TW0005271001,2012/03/06
5297,廣化,ESB,半導體業,TW0005297006,2017/02/21
5859,遠壽,ESB,金融保險業,TW0005859003,2015/04/16
5863,瑞興銀,ESB,金融保險業,TW0005863005,2007/12/03
6027,德信,ESB,金融保險業,TW0006027006,2015/11/02
6028,公勝保經,ESB,金融保險業,TW0006028004,2019/03/06
6035,悠遊卡,ESB,金融保險業,TW0006035009,2023/01/03
6407,相互,ESB,電子零組件業,TW0006407000,2013/03/29
6428,淘米,ESB,文化創意業,TW0006428006,2013/09/11
6434,達輝光電,ESB,光電業,TW0006434004,2013/11/12
6467,泰合,ESB,生技醫療業,TW0006467004,2024/12/30
6473,美賣*,ESB,數位雲端,TW0006473002,2014/12/08
6483,原創生醫,ESB,生技醫療業,TW0006483001,2024/03/29
6493,雷虎生,ESB,生技醫療業,TW0006493000,2015/01/08
6518,康科特,ESB,生技醫療業,TW0006518004,2015/05/13
6536,碩豐,ESB,資訊服務業,TW0006536006,2015/06/18
6539,麗彤,ESB,生技醫療業,TW0006539000,2015/10/15
6543,普惠醫工,ESB,生技醫療業,TW0006543002,2019/03/27
6549,景凱,ESB,生技醫療業,TW0006549009,2015/10/21
6555,榮炭,ESB,電子零組件業,TW0006555006,2016/01/25
6559,研晶,ESB,光電業,TW0006559008,2015/12/15
6563,映智,ESB,半導體業,TW0006563000,2025/03/10
6564,安特羅,ESB,生技醫療業,TW0006564008,2018/09/18
6565,物聯,ESB,數位雲端,TW0006565005,2017/01/18
6572,博錸,ESB,生技醫療業,TW0006572001,2016/02/26
6580,台睿,ESB,生技醫療業,TW0006580004,2017/06/20
6583,友松,ESB,文化創意業,TW0006583008,2016/08/05
6586,醣基,ESB,生技醫療業,TW0006586001,2017/09/27
6595,光禹國際,ESB,文化創意業,TW0006595002,2019/01/11
6599,普達系統,ESB,電腦及週邊設備業,TW0006599004,2017/12/25
6604,儒億,ESB,電機機械,TW0006604002,2025/10/28
6610,安成生技,ESB,生技醫療業,TW0006610009,2016/12/27
6618,永虹先進,ESB,化學工業,TW0006618002,2017/09/15
6621,華宇藥,ESB,生技醫療業,TW0006621006,2017/08/18
6622,百聿數碼,ESB,文化創意業,TW0006622004,2017/05/22
6634,欣耀,ESB,生技醫療業,TW0006634009,2017/06/29
6638,沅聖,ESB,電腦及週邊設備業,TW0006638000,2017/06/28
6639,源大環能,ESB,油電燃氣業,TW0006639008,2018/10/31
6648,斯其大,ESB,其他電子業,TW0006648009,2017/09/04
6650,帝圖,ESB,文化創意業,TW0006650005,2017/09/15
6652,雅祥生醫,ESB,生技醫療業,TW0006652001,2018/08/29
6659,天明製藥,ESB,生技醫療業,TW0006659006,2025/12/22
6665,康聯生醫,ESB,生技醫療業,TW0006665003,2017/11/23
6673,和詮,ESB,光電業,TW0006673007,2018/03/07
6676,祥翊,ESB,生技醫療業,TW0006676000,2022/01/19
6677,瑩碩生技,ESB,生技醫療業,TW0006677008,2018/06/27
6682,華旭先進,ESB,光電業,TW0006682008,2018/05/11
6696,仁新,ESB,生技醫療業,TW0006696008,2018/10/08
6704,國璽幹細胞,ESB,生技醫療業,TW0006704000,2023/04/26
6705,振躍精密,ESB,電機機械,TW0006705007,2018/10/31
6707,富基電通,ESB,電子通路業,TW0006707003,2022/07/21
6709,昱厚生技,ESB,生技醫療業,TW0006709009,2018/11/29
6723,傑智環境,ESB,綠能環保,TW0006723000,2018/12/26
6729,機光科技,ESB,光電業,TW0006729007,2019/07/04
6734,安盛生,ESB,生技醫療業,TW0006734007,2019/06/28
6737,秀育,ESB,電腦及週邊設備業,TW0006737000,2019/12/30
6738,鼎恒,ESB,資訊服務業,TW0006738008,2019/08/23
6744,豐技生技,ESB,生技醫療業,TW0006744006,2019/09/25
6748,亞果生醫,ESB,生技醫療業,TW0006748007,2021/07/27
6750,泰創工程,ESB,其他電子業,TW0006750003,2019/11/11
6755,連鋐科技,ESB,電子零組件業,TW0006755002,2019/12/05
6758,冠亞,ESB,生技醫療業,TW0006758006,2020/01/02
6775,穎台科技,ESB,光電業,TW0006775000,2020/05/29
6780,學習王,ESB,文化創意業,TW0006780000,2020/07/23
6784,天凱科技,ESB,通信網路業,TW0006784002,2020/11/18
6786,芯測,ESB,半導體業,TW0006786007,2020/08/19
6787,晶瑞光,ESB,光電業,TW0006787005,2021/04/16
6793,天力離岸,ESB,其他業,TW0006793003,2020/10/30
6797,圓點奈米,ESB,生技醫療業,TW0006797004,2020/11/05
6798,展逸,ESB,運動休閒,TW0006798002,2023/04/27
6808,三鼎生技,ESB,生技醫療業,TW0006808009,2020/12/25
6810,新穎生醫,ESB,生技醫療業,TW0006810005,2021/08/30
6812,梭特,ESB,光電業,TW0006812001,2021/02/04
6814,路迦生醫,ESB,生技醫療業,TW0006814007,2020/12/31
6815,晶鑽生醫,ESB,生技醫療業,TW0006815004,2021/01/29
6816,捷智商訊,ESB,資訊服務業,TW0006816002,2021/01/18
6817,溫士頓,ESB,生技醫療業,TW0006817000,2021/02/24
6818,連騰,ESB,通信網路業,TW0006818008,2021/01/21
6819,眾智,ESB,半導體業,TW0006819006,2021/02/05
6820,連訊,ESB,通信網路業,TW0006820004,2021/03/22
6825,和暢科技,ESB,電腦及週邊設備業,TW0006825003,2021/04/29
6826,和淞,ESB,其他電子業,TW0006826001,2021/06/17
6827,巨生醫,ESB,生技醫療業,TW0006827009,2021/10/19
6832,金鼎科,ESB,其他業,TW0006832009,2021/09/29
6833,太康精密,ESB,電子零組件業,TW0006833007,2021/06/01
6839,開陽能源,ESB,綠能環保,TW0006839004,2021/10/25
6842,一元素,ESB,半導體業,TW0006842008,2021/09/30
6847,普瑞博,ESB,生技醫療業,TW0006847007,2021/11/05
6848,拉法醫,ESB,生技醫療業,TW0006848005,2021/10/25
6849,奇鼎科技,ESB,其他電子業,TW0006849003,2024/11/22
6850,光鼎生技,ESB,生技醫療業,TW0006850001,2021/11/10
6857,宏碁智醫,ESB,生技醫療業,TW0006857006,2022/03/03
6858,愛比科技,ESB,電腦及週邊設備業,TW0006858004,2022/01/11
6864,元樟生技,ESB,生技醫療業,TW0006864002,2021/12/29
6867,坦德科技,ESB,光電業,TW0006867005,2022/06/23
6868,采威國際,ESB,資訊服務業,TW0006868003,2022/01/13
6876,朗齊生醫*,ESB,生技醫療業,TW0006876006,2024/01/18
6878,歐付寶,ESB,金融保險業,TW0006878002,2022/03/17
6879,大江基因,ESB,生技醫療業,TW0006879000,2022/05/25
6882,甲尚,ESB,資訊服務業,TW0006882004,2022/04/26
6883,微電能源,ESB,綠能環保,TW0006883002,2024/07/19
6886,遠東生技,ESB,食品工業,TW0006886005,2023/04/27
6891,樂迦再生,ESB,生技醫療業,TW0006891005,2022/07/12
6892,台寶生醫,ESB,生技醫療業,TW0006892003,2022/09/07
6898,程曦資訊,ESB,資訊服務業,TW0006898000,2022/09/30
6908,宏碁遊戲,ESB,電子通路業,TW0006908007,2022/09/13
6911,群運,ESB,其他業,TW0006911001,2022/10/20
6912,益鈞環科*,ESB,綠能環保,TW0006912009,2022/10/19
6915,美強光,ESB,電子零組件業,TW0006915002,2022/11/03
6917,竟天,ESB,生技醫療業,TW0006917008,2023/01/12
6920,恆勁科技,ESB,半導體業,TW0006920002,2023/01/10
6926,聖安生醫,ESB,生技醫療業,TW0006926009,2022/11/25
6927,聯合聚晶,ESB,半導體業,TW0006927007,2023/05/26
6932,水星生醫*,ESB,生技醫療業,TW0006932007,2022/12/23
6935,王子製藥,ESB,食品工業,TW0006935000,2023/03/29
6938,藍新資訊,ESB,資訊服務業,TW0006938004,2024/01/23
6939,啟弘生技,ESB,生技醫療業,TW0006939002,2023/05/15
6940,格斯科技*,ESB,電子零組件業,TW0006940000,2023/05/12
6945,圓祥生技,ESB,生技醫療業,TW0006945009,2023/07/14
6946,三地能源,ESB,綠能環保,TW0006946007,2024/10/07
6947,台鎔科技,ESB,綠能環保,TW0006947005,2023/07/21
6959,兆捷科技,ESB,化學工業,TW0006959000,2023/07/13
6963,品元,ESB,食品工業,TW0006963002,2023/06/28
6972,博瑞達應材,ESB,化學工業,TW0006972003,2024/11/29
6973,永立榮,ESB,生技醫療業,TW0006973001,2023/07/20
6976,育世博-KY,ESB,生技醫療業,KYG0073G1091,2023/08/08
6977,聯純,ESB,綠能環保,TW0006977002,2023/09/25
6979,勝釩,ESB,光電業,TW0006979008,2024/05/27
6980,鐳洋科技,ESB,通信網路業,TW0006980006,2023/08/02
6983,華洋精機,ESB,其他電子業,TW0006983000,2023/11/09
6984,ACPAY,ESB,數位雲端,TW0006984008,2023/10/20
6986,和迅,ESB,生技醫療業,TW0006986003,2023/11/29
6987,寶晶能源*,ESB,綠能環保,TW0006987001,2024/08/26
6990,華鉬,ESB,綠能環保,TW0006990005,2023/11/16
6995,野獸國,ESB,其他業,TW0006995004,2025/01/21
6999,瀚醫生技,ESB,生技醫療業,TW0006999006,2024/07/31
7419,達勝,ESB,電子零組件業,TW0007419004,2019/09/25
7427,華上生醫,ESB,生技醫療業,TW0007427007,2021/07/08
7443,凡事康,ESB,其他業,TW0007443004,2016/02/15
7455,樺緯物聯,ESB,電腦及週邊設備業,TW0007455008,2025/01/10
7507,環拓科技,ESB,綠能環保,TW0007507B10,2020/03/20
7516,清淨海,ESB,其他業,TW0007516B19,2018/12/24
7530,鋒魁科技,ESB,半導體業,TW0007530B11,2021/11/24
7551,知識科技,ESB,數位雲端,TW0007551B15,2019/12/12
7558,群利,ESB,其他業,TW0007558B18,2021/05/03
7561,光晟生技,ESB,生技醫療業,TW0007561B13,2020/07/06
7562,博來科技,ESB,電腦及週邊設備業,TW0007562B12,2023/11/13
7566,亞果遊艇,ESB,觀光餐旅,TW0007566B18,2020/07/01
7575,安美得,ESB,生技醫療業,TW0007575B17,2022/06/24
7578,利百景,ESB,其他業,TW0007578B14,2022/09/12
7583,國際海洋,ESB,綠能環保,TW0007583B17,2023/09/26
7590,怡和國際,ESB,其他業,TW0007590B18,2022/03/02
7595,世基生醫,ESB,生技醫療業,TW0007595B13,2020/12/22
7607,通用幹細胞*,ESB,生技醫療業,TW0007607004,2023/05/25
7669,碩正科技,ESB,半導體業,TW0007669B14,2025/11/27
7689,大鵬科CLMX,ESB,通信網路業,TW0007689B10,2025/10/03
7702,前端風電,ESB,綠能環保,TW0007702003,2023/10/17
7706,宏碁創達,ESB,其他業,TW0007706004,2023/12/25
7707,益芯科,ESB,半導體業,TW0007707002,2023/12/05
7710,東擎科技,ESB,電腦及週邊設備業,TW0007710006,2025/10/28
7719,碳基,ESB,其他業,TW0007719007,2023/11/23
7724,諾亞克,ESB,生技醫療業,TW0007724007,2024/08/15
7725,列特博,ESB,生技醫療業,TW0007725004,2023/12/22
7726,暄達,ESB,生技醫療業,TW0007726002,2024/02/27
7729,仲恩生醫,ESB,生技醫療業,TW0007729006,2024/03/11
7731,火星生技*,ESB,食品工業,TW0007731002,2024/02/05
7737,凱鈿,ESB,數位雲端,TW0007737009,2025/02/05
7742,天弘化,ESB,化學工業,TW0007742009,2024/07/04
7745,紅陽,ESB,數位雲端,TW0007745002,2026/01/05
7748,鑫囍創業,ESB,其他業,TW0007748006,2024/12/05
7752,世紀樺欣,ESB,綠能環保,TW0007752008,2024/06/19
7754,安基生技,ESB,生技醫療業,TW0007754004,2024/06/25
7756,多那之,ESB,觀光餐旅,TW0007756009,2024/08/01
7758,睿騰能源,ESB,電子零組件業,TW0007758005,2025/05/08
7759,視航生醫,ESB,生技醫療業,TW0007759003,2025/03/10
7760,享溫馨,ESB,觀光餐旅,TW0007760001,2024/11/08
7761,三大未來,ESB,綠能環保,TW0007761009,2024/08/16
7762,吉晟生,ESB,生技醫療業,TW0007762007,2024/07/25
7763,崇舜,ESB,化學工業,TW0007763005,2024/09/26
7764,聖州,ESB,其他業,TW0007764003,2024/08/28
7768,頌勝科技,ESB,半導體業,TW0007768004,2025/03/31
7772,耀穎,ESB,半導體業,TW0007772006,2025/06/26
7773,富禾生醫,ESB,生技醫療業,TW0007773004,2024/09/26
7776,奧孟亞,ESB,生技醫療業,TW0007776007,2024/10/25
7779,鍇睿國際,ESB,運動休閒,TW0007779001,2024/10/03
7781,昕力資*,ESB,數位雲端,TW0007781007,2024/10/23
7783,佳運,ESB,綠能環保,TW0007783003,2024/10/25
7785,北祥科服,ESB,數位雲端,TW0007785008,2025/06/26
7789,開展,ESB,觀光餐旅,TW0007789000,2024/11/20
7790,思必瑞特,ESB,生技醫療業,TW0007790008,2024/12/27
7794,宏碁智新,ESB,居家生活,TW0007794000,2024/11/15
7796,擷發科,ESB,半導體業,TW0007796005,2024/12/09
7797,Q BURGER,ESB,觀光餐旅,TW0007797003,2025/01/06
7798,將捷,ESB,建材營造業,TW0007798001,2025/10/21
7801,華芸科技,ESB,資訊服務業,TW0007801003,2024/11/25
7803,雲象科技,ESB,生技醫療業,TW0007803009,2024/11/26
7806,精華生醫,ESB,食品工業,TW0007806002,2024/12/12
7808,訊聯智藥,ESB,生技醫療業,TW0007808008,2024/12/12
7811,民盛,ESB,運動休閒,TW0007811002,2025/01/06
7812,稜研科技*,ESB,通信網路業,TW0007812000,2025/01/15
7813,宇辰系統,ESB,其他電子業,TW0007813008,2025/01/16
7814,海昌生技,ESB,生技醫療業,TW0007814006,2025/01/09
7815,新特,ESB,半導體業,TW0007815003,2025/01/15
7816,來穎,ESB,電子零組件業,TW0007816001,2025/01/15
7818,溢泰實業,ESB,其他業,TW0007818007,2025/02/07
7819,精誠金融,ESB,資訊服務業,TW0007819005,2025/02/12
7820,立盈,ESB,綠能環保,TW0007820003,2025/04/22
7821,神數,ESB,其他電子業,TW0007821001,2025/03/31
7822,倍利科,ESB,半導體業,TW0007822009,2025/03/27
7824,智寶,ESB,其他業,TW0007824005,2025/09/18
7825,和亞智慧,ESB,其他電子業,TW0007825002,2025/04/15
7826,極風雲創,ESB,數位雲端,TW0007826000,2025/04/15
7827,漢康-KY,ESB,生技醫療業,KYG4277B1068,2025/06/20
7828,創新服務,ESB,半導體業,TW0007828006,2025/05/08
7829,思捷優達-KY,ESB,生技醫療業,KYG8851R1065,2025/06/03
7831,捷博,ESB,居家生活,TW0007831000,2025/04/30
7832,智新生技*,ESB,生技醫療業,TW0007832008,2025/05/08
7833,綠岩能源,ESB,綠能環保,TW0007833006,2025/05/22
7834,來毅數位,ESB,資訊服務業,TW0007834004,2025/05/13
7836,智生活,ESB,其他業,TW0007836009,2025/07/30
7837,啟新生,ESB,生技醫療業,TW0007837007,2025/05/28
7839,達人網,ESB,數位雲端,TW0007839003,2025/05/23
7840,祥圃,ESB,農業科技業,TW0007840001,2025/06/18
7841,經貿聯網,ESB,資訊服務業,TW0007841009,2025/06/11
7842,天能綠電,ESB,綠能環保,TW0007842007,2025/06/10
7843,英柏得,ESB,半導體業,TW0007843005,2025/07/17
7846,德揚,ESB,綠能環保,TW0007846008,2025/06/26
7847,豊漁,ESB,觀光餐旅,TW0007847006,2025/06/26
7848,騏億鑫,ESB,其他電子業,TW0007848004,2025/07/29
7849,旭誼,ESB,其他電子業,TW0007849002,2025/08/01
7850,寶泰生醫,ESB,生技醫療業,TW0007850000,2025/08/04
7851,慧康生技*-KY,ESB,生技醫療業,KYG4711S1030,2025/11/19
7853,政美應用,ESB,半導體業,TW0007853004,2025/09/30
7854,佐茂,ESB,電腦及週邊設備業,TW0007854002,2025/10/30
7855,和運租車,ESB,其他業,TW0007855009,2025/09/26
7856,漢測,ESB,半導體業,TW0007856007,2025/09/17
7857,合水先進,ESB,綠能環保,TW0007857005,2025/08/28
7858,芝普,ESB,化學工業,TW0007858003,2025/09/26
7860,得生製藥,ESB,生技醫療業,TW0007860009,2025/09/09
7861,貝爾威勒,ESB,電子零組件業,TW0007861007,2025/11/12
7862,聚泰,ESB,紡織纖維,TW0007862005,2025/10/22
7863,中科物流,ESB,航運業,TW0007863003,2025/09/30
7865,金聯成,ESB,綠能環保,TW0007865008,2025/10/02
7866,丹立,ESB,半導體業,TW0007866006,2025/10/16
7867,特力屋,ESB,居家生活,TW0007867004,2025/10/16
7868,聖育,ESB,資訊服務業,TW0007868002,2025/10/21
7869,宏于電機,ESB,電機機械,TW0007869000,2025/12/22
7870,聯剛科技,ESB,其他電子業,TW0007870008,2025/11/21
7871,安立璽榮-KY,ESB,生技醫療業,KYG3106D1016,2026/01/13
7872,登豐,ESB,半導體業,TW0007872004,2025/12/22
7875,安圖斯,ESB,電腦及週邊設備業,TW0007875007,2025/11/21
7876,鼎晉生技,ESB,生技醫療業,TW0007876005,2025/11/24
7877,海利普,ESB,綠能環保,TW0007877003,2025/11/27
7878,藥祇,ESB,生技醫療業,TW0007878001,2025/11/27
7879,益材科技,ESB,電機機械,TW0007879009,2026/01/23
7880,聖凰,ESB,半導體業,TW0007880007,2025/11/26
7881,科明,ESB,生技醫療業,TW0007881005,2025/11/26
7882,倍利創投,ESB,其他業,TW0007882003,2025/12/09
7883,饗賓,ESB,觀光餐旅,TW0007883001,2026/01/23
7885,宏羚,ESB,其他電子業,TW0007885006,2026/01/16
7886,科建,ESB,半導體業,TW0007886004,2026/01/19
7887,宇川精材,ESB,半導體業,TW0007887002,2026/01/13
7888,麗寶新藥,ESB,生技醫療業,TW0007888000,2025/12/23
7889,騰勢,ESB,食品工業,TW0007889008,2026/01/13
7890,明曜科技,ESB,綠能環保,TW0007890006,2026/01/20
7891,博研醫藥,ESB,生技醫療業,TW0007891004,2026/01/14
7892,元鈦科,ESB,電腦及週邊設備業,TW0007892002,2026/01/16
7893,睿信,ESB,電子零組件業,TW0007893000,2026/01/15
7895,元進莊,ESB,農業科技業,TW0007895005,2026/01/22
7896,喬越,ESB,電子零組件業,TW0007896003,2026/01/16
7897,禾迅綠電,ESB,綠能環保,TW0007897001,2026/01/27
7901,大大寬頻,ESB,通信網路業,TW0007901001,2026/01/21
7902,宇越生醫*,ESB,生技醫療業,TW0007902009,2026/01/22
7904,任開數位,ESB,數位雲端,TW0007904005,2026/01/23
8058,耐特,ESB,其他電子業,TW0008058009,2025/07/15
8098,慶康科技,ESB,半導體業,TW0008098005,2023/10/31
8119,公信,ESB,電腦及週邊設備業,TW0008119009,2017/07/04
8298,威睿,ESB,資訊服務業,TW0008298001,2018/03/28
8329,台視,ESB,文化創意業,TW0008329004,2007/09/06
8345,超秦,ESB,農業科技業,TW0008345000,2025/06/18
8359,錢櫃,ESB,觀光餐旅,TW0008359001,2012/05/03
8458,影一,ESB,文化創意業,TW0008458001,2014/10/27
8999,台灣積層,ESB,其他業,TW0008999004,2025/01/10
9957,燁聯,ESB,鋼鐵工業,TW0009957001,2003/01/03
